12/19/91,0.52
12/20/91,0.88
12/23/91,0.62
12/24/91,0.69
12/25/91,.
12/26/91,.
12/27/91,0.52
12/30/91,0.38
12/31/91,0.37
1/1/92,.
1/2/92,0.33
1/3/92,0.34
1/6/92,0.38
1/7/92,0.38
1/8/92,0.34
1/9/92,0.23
1/10/92,0.24
1/13/92,0.31
1/14/92,0.43
1/15/92,0.46
1/16/92,0.52
1/17/92,0.4
1/20/92,.
1/21/92,0.46
1/22/92,0.44
1/23/92,0.42
1/24/92,0.44
1/27/92,0.4
1/28/92,0.42
1/29/92,0.27
1/30/92,0.36
1/31/92,0.35
2/3/92,0.35
2/4/92,0.35
2/5/92,0.29
2/6/92,0.25
2/7/92,0.38
2/10/92,0.27
2/11/92,0.25
2/12/92,0.25
2/13/92,0.21
2/14/92,0.4
2/17/92,.
2/18/92,0.38
2/19/92,0.4
2/20/92,0.37
2/21/92,0.38
2/24/92,0.44
2/25/92,0.35
2/26/92,0.31
2/27/92,0.32
2/28/92,0.32
3/2/92,0.22
3/3/92,0.27
3/4/92,0.28
3/5/92,0.34
3/6/92,0.4
3/9/92,0.37
3/10/92,0.37
3/11/92,0.37
3/12/92,0.42
3/13/92,0.38
3/16/92,0.38
3/17/92,0.38
3/18/92,0.39
3/19/92,0.39
3/20/92,0.32
3/23/92,0.36
3/24/92,0.39
3/25/92,0.37
3/26/92,0.3
3/27/92,0.37
3/30/92,0.37
3/31/92,0.32
4/1/92,0.3
4/2/92,0.29
4/3/92,0.35
4/6/92,0.35
4/7/92,0.38
4/8/92,0.35
4/9/92,0.59
4/10/92,0.41
4/13/92,0.5
4/14/92,0.5
4/15/92,0.5
4/16/92,0.48
4/17/92,.
4/20/92,.
4/21/92,0.51
4/22/92,0.51
4/23/92,0.46
4/24/92,0.39
4/27/92,0.35
4/28/92,0.42
4/29/92,0.35
4/30/92,0.36
5/1/92,0.43
5/4/92,.
5/5/92,0.37
5/6/92,0.38
5/7/92,0.32
5/8/92,0.25
5/11/92,0.3
5/12/92,0.25
5/13/92,0.29
5/14/92,0.31
5/15/92,0.34
5/18/92,0.34
5/19/92,0.4
5/20/92,0.31
5/21/92,0.27
5/22/92,0.32
5/25/92,.
5/26/92,0.26
5/27/92,0.36
5/28/92,0.38
5/29/92,0.36
6/1/92,0.31
6/2/92,0.32
6/3/92,0.35
6/4/92,0.37
6/5/92,0.38
6/8/92,0.32
6/9/92,0.32
6/10/92,0.32
6/11/92,0.34
6/12/92,0.34
6/15/92,0.35
6/16/92,0.36
6/17/92,0.32
6/18/92,0.33
6/19/92,0.29
6/22/92,0.36
6/23/92,0.32
6/24/92,0.36
6/25/92,0.32
6/26/92,0.32
6/29/92,0.37
6/30/92,0.37
7/1/92,0.39
7/2/92,0.63
7/3/92,.
7/6/92,0.4
7/7/92,0.35
7/8/92,0.28
7/9/92,0.29
7/10/92,0.28
7/13/92,0.29
7/14/92,0.29
7/15/92,0.32
7/16/92,0.27
7/17/92,0.28
7/20/92,0.26
7/21/92,0.25
7/22/92,0.28
7/23/92,0.29
7/24/92,0.28
7/27/92,0.25
7/28/92,0.25
7/29/92,0.26
7/30/92,0.26
7/31/92,0.26
8/3/92,0.27
8/4/92,0.27
8/5/92,0.27
8/6/92,0.28
8/7/92,0.3
8/10/92,0.31
8/11/92,0.31
8/12/92,0.32
8/13/92,0.35
8/14/92,0.38
8/17/92,0.37
8/18/92,0.37
8/19/92,0.36
8/20/92,0.36
8/21/92,0.37
8/24/92,0.29
8/25/92,0.33
8/26/92,0.34
8/27/92,0.34
8/28/92,0.34
8/31/92,.
9/1/92,0.35
9/2/92,0.36
9/3/92,0.36
9/4/92,0.53
9/7/92,.
9/8/92,0.3
9/9/92,0.28
9/10/92,0.28
9/11/92,0.27
9/14/92,0.23
9/15/92,0.21
9/16/92,0.29
9/17/92,0.31
9/18/92,0.37
9/21/92,0.34
9/22/92,0.39
9/23/92,0.46
9/24/92,0.48
9/25/92,0.51
9/28/92,0.47
9/29/92,0.54
9/30/92,0.58
10/1/92,0.64
10/2/92,0.5
10/5/92,0.55
10/6/92,0.46
10/7/92,0.42
10/8/92,0.52
10/9/92,0.48
10/12/92,.
10/13/92,0.58
10/14/92,0.51
10/15/92,0.51
10/16/92,0.54
10/19/92,0.53
10/20/92,0.67
10/21/92,0.69
10/22/92,0.59
10/23/92,0.63
10/26/92,0.7
10/27/92,0.68
10/28/92,0.62
10/29/92,0.67
10/30/92,0.6
11/2/92,0.62
11/3/92,0.6
11/4/92,0.54
11/5/92,0.55
11/6/92,0.5
11/9/92,0.61
11/10/92,0.67
11/11/92,.
11/12/92,0.69
11/13/92,0.65
11/16/92,0.75
11/17/92,0.83
11/18/92,0.79
11/19/92,0.73
11/20/92,0.69
11/23/92,0.68
11/24/92,0.68
11/25/92,0.63
11/26/92,.
11/27/92,0.69
11/30/92,0.73
12/1/92,0.67
12/2/92,0.6
12/3/92,0.58
12/4/92,0.56
12/7/92,0.5
12/8/92,0.43
12/9/92,0.4
12/10/92,0.4
12/11/92,0.38
12/14/92,0.37
12/15/92,0.4
12/16/92,0.42
12/17/92,0.36
12/18/92,0.4
12/21/92,0.33
12/22/92,0.3
12/23/92,0.32
12/24/92,0.34
12/25/92,.
12/28/92,.
12/29/92,0.36
12/30/92,0.32
12/31/92,0.36
1/1/93,.
1/4/93,0.36
1/5/93,0.3
1/6/93,0.28
1/7/93,0.27
1/8/93,0.38
1/11/93,0.33
1/12/93,0.36
1/13/93,0.38
1/14/93,0.4
1/15/93,0.37
1/18/93,.
1/19/93,0.32
1/20/93,0.3
1/21/93,0.32
1/22/93,0.34
1/25/93,0.36
1/26/93,0.36
1/27/93,0.4
1/28/93,0.41
1/29/93,0.35
2/1/93,0.35
2/2/93,0.35
2/3/93,0.38
2/4/93,0.41
2/5/93,0.35
2/8/93,0.33
2/9/93,0.32
2/10/93,0.31
2/11/93,0.33
2/12/93,0.32
2/15/93,.
2/16/93,0.32
2/17/93,0.34
2/18/93,0.3
2/19/93,0.26
2/22/93,0.24
2/23/93,0.25
2/24/93,0.23
2/25/93,0.24
2/26/93,0.26
3/1/93,0.25
3/2/93,0.23
3/3/93,0.25
3/4/93,0.28
3/5/93,0.19
3/8/93,0.25
3/9/93,0.26
3/10/93,0.27
3/11/93,0.29
3/12/93,0.28
3/15/93,0.26
3/16/93,0.27
3/17/93,0.27
3/18/93,0.3
3/19/93,0.29
3/22/93,0.31
3/23/93,0.33
3/24/93,0.33
3/25/93,0.34
3/26/93,0.32
3/29/93,0.37
3/30/93,0.34
3/31/93,0.36
4/1/93,0.35
4/2/93,0.34
4/5/93,0.35
4/6/93,0.34
4/7/93,0.33
4/8/93,0.35
4/9/93,.
4/12/93,.
4/13/93,0.4
4/14/93,0.43
4/15/93,0.41
4/16/93,0.41
4/19/93,0.44
4/20/93,0.46
4/21/93,0.42
4/22/93,0.37
4/23/93,0.35
4/26/93,0.3
4/27/93,0.28
4/28/93,0.27
4/29/93,0.29
4/30/93,0.28
5/3/93,.
5/4/93,0.32
5/5/93,0.3
5/6/93,0.33
5/7/93,0.32
5/10/93,0.32
5/11/93,0.3
5/12/93,0.29
5/13/93,0.26
5/14/93,0.29
5/17/93,0.25
5/18/93,0.24
5/19/93,0.28
5/20/93,0.29
5/21/93,0.25
5/24/93,0.27
5/25/93,0.24
5/26/93,0.26
5/27/93,0.25
5/28/93,0.31
5/31/93,.
6/1/93,0.34
6/2/93,0.24
6/3/93,0.28
6/4/93,0.2
6/7/93,0.27
6/8/93,0.25
6/9/93,0.27
6/10/93,0.27
6/11/93,0.33
6/14/93,0.26
6/15/93,0.26
6/16/93,0.27
6/17/93,0.28
6/18/93,0.25
6/21/93,0.25
6/22/93,0.22
6/23/93,0.25
6/24/93,0.27
6/25/93,0.27
6/28/93,0.26
6/29/93,0.28
6/30/93,0.28
7/1/93,0.32
7/2/93,0.36
7/5/93,.
7/6/93,0.24
7/7/93,0.27
7/8/93,0.29
7/9/93,0.29
7/12/93,0.3
7/13/93,0.27
7/14/93,0.3
7/15/93,0.27
7/16/93,0.24
7/19/93,0.22
7/20/93,0.19
7/21/93,0.18
7/22/93,0.22
7/23/93,0.22
7/26/93,0.23
7/27/93,0.21
7/28/93,0.23
7/29/93,0.29
7/30/93,0.28
8/2/93,0.24
8/3/93,0.23
8/4/93,0.23
8/5/93,0.26
8/6/93,0.21
8/9/93,0.23
8/10/93,0.22
8/11/93,0.23
8/12/93,0.24
8/13/93,0.23
8/16/93,0.23
8/17/93,0.24
8/18/93,0.26
8/19/93,0.27
8/20/93,0.26
8/23/93,0.26
8/24/93,0.26
8/25/93,0.27
8/26/93,0.25
8/27/93,0.23
8/30/93,.
8/31/93,0.24
9/1/93,0.24
9/2/93,0.26
9/3/93,0.25
9/6/93,.
9/7/93,0.26
9/8/93,0.23
9/9/93,0.21
9/10/93,0.23
9/13/93,0.22
9/14/93,0.2
9/15/93,0.23
9/16/93,0.24
9/17/93,0.24
9/20/93,0.24
9/21/93,0.27
9/22/93,0.27
9/23/93,0.26
9/24/93,0.26
9/27/93,0.28
9/28/93,0.29
9/29/93,0.44
9/30/93,0.46
10/1/93,0.46
10/4/93,0.44
10/5/93,0.38
10/6/93,0.4
10/7/93,0.4
10/8/93,0.4
10/11/93,.
10/12/93,0.37
10/13/93,0.35
10/14/93,0.37
10/15/93,0.37
10/18/93,0.36
10/19/93,0.31
10/20/93,0.34
10/21/93,0.33
10/22/93,0.34
10/25/93,0.34
10/26/93,0.35
10/27/93,0.35
10/28/93,0.4
10/29/93,0.41
11/1/93,0.38
11/2/93,0.38
11/3/93,0.41
11/4/93,0.42
11/5/93,0.44
11/8/93,0.44
11/9/93,0.39
11/10/93,0.38
11/11/93,.
11/12/93,0.39
11/15/93,0.39
11/16/93,0.35
11/17/93,0.35
11/18/93,0.33
11/19/93,0.37
11/22/93,0.37
11/23/93,0.38
11/24/93,0.38
11/25/93,.
11/26/93,0.39
11/29/93,0.38
11/30/93,0.36
12/1/93,0.38
12/2/93,0.39
12/3/93,0.39
12/6/93,0.41
12/7/93,0.35
12/8/93,0.36
12/9/93,0.31
12/10/93,0.33
12/13/93,0.33
12/14/93,0.34
12/15/93,0.28
12/16/93,0.28
12/17/93,0.22
12/20/93,0.2
12/21/93,0.21
12/22/93,0.25
12/23/93,0.25
12/24/93,.
12/27/93,.
12/28/93,.
12/29/93,0.37
12/30/93,0.4
12/31/93,0.37
1/3/94,.
1/4/94,0.29
1/5/94,0.31
1/6/94,0.33
1/7/94,0.3
1/10/94,0.26
1/11/94,0.27
1/12/94,0.29
1/13/94,0.3
1/14/94,0.28
1/17/94,.
1/18/94,0.29
1/19/94,0.28
1/20/94,0.3
1/21/94,0.3
1/24/94,0.32
1/25/94,0.32
1/26/94,0.33
1/27/94,0.33
1/28/94,0.32
1/31/94,0.29
2/1/94,0.22
2/2/94,0.25
2/3/94,0.25
2/4/94,0.21
2/7/94,0.28
2/8/94,0.31
2/9/94,0.31
2/10/94,0.3
2/11/94,0.3
2/14/94,0.3
2/15/94,0.29
2/16/94,0.29
2/17/94,0.28
2/18/94,0.27
2/21/94,.
2/22/94,0.34
2/23/94,0.25
2/24/94,0.39
2/25/94,0.38
2/28/94,0.39
3/1/94,0.22
3/2/94,0.39
3/3/94,0.33
3/4/94,0.3
3/7/94,0.36
3/8/94,0.33
3/9/94,0.35
3/10/94,0.38
3/11/94,0.38
3/14/94,0.34
3/15/94,0.29
3/16/94,0.35
3/17/94,0.4
3/18/94,0.4
3/21/94,0.42
3/22/94,0.48
3/23/94,0.44
3/24/94,0.42
3/25/94,0.4
3/28/94,0.38
3/29/94,0.37
3/30/94,0.45
3/31/94,0.46
4/1/94,.
4/4/94,.
4/5/94,0.4
4/6/94,0.41
4/7/94,0.47
4/8/94,0.44
4/11/94,0.46
4/12/94,0.44
4/13/94,0.44
4/14/94,0.42
4/15/94,0.47
4/18/94,0.36
4/19/94,0.51
4/20/94,0.51
4/21/94,0.51
4/22/94,0.5
4/25/94,0.49
4/26/94,0.37
4/27/94,.
4/28/94,0.36
4/29/94,0.44
5/2/94,.
5/3/94,0.36
5/4/94,0.39
5/5/94,0.53
5/6/94,0.38
5/9/94,0.56
5/10/94,0.57
5/11/94,0.59
5/12/94,0.75
5/13/94,0.69
5/16/94,0.6
5/17/94,0.49
5/18/94,0.43
5/19/94,0.5
5/20/94,0.41
5/23/94,0.4
5/24/94,0.41
5/25/94,0.45
5/26/94,0.46
5/27/94,0.45
5/30/94,.
5/31/94,0.46
6/1/94,0.45
6/2/94,0.5
6/3/94,0.5
6/6/94,0.47
6/7/94,0.44
6/8/94,0.45
6/9/94,0.44
6/10/94,0.45
6/13/94,0.44
6/14/94,0.51
6/15/94,0.43
6/16/94,0.45
6/17/94,0.44
6/20/94,0.44
6/21/94,0.42
6/22/94,0.51
6/23/94,0.47
6/24/94,0.52
6/27/94,0.61
6/28/94,0.59
6/29/94,0.72
6/30/94,0.72
7/1/94,0.74
7/4/94,.
7/5/94,0.73
7/6/94,0.66
7/7/94,0.58
7/8/94,0.45
7/11/94,0.51
7/12/94,0.55
7/13/94,0.53
7/14/94,0.64
7/15/94,0.55
7/18/94,0.51
7/19/94,0.49
7/20/94,0.39
7/21/94,0.48
7/22/94,0.43
7/25/94,0.43
7/26/94,0.4
7/27/94,0.35
7/28/94,0.46
7/29/94,0.61
8/1/94,0.53
8/2/94,0.48
8/3/94,0.47
8/4/94,0.43
8/5/94,0.29
8/8/94,0.41
8/9/94,0.42
8/10/94,0.5
8/11/94,0.54
8/12/94,0.56
8/15/94,0.49
8/16/94,0.38
8/17/94,0.41
8/18/94,0.41
8/19/94,0.44
8/22/94,0.46
8/23/94,0.43
8/24/94,0.46
8/25/94,0.38
8/26/94,0.42
8/29/94,.
8/30/94,0.41
8/31/94,0.44
9/1/94,0.45
9/2/94,0.45
9/5/94,.
9/6/94,0.45
9/7/94,0.46
9/8/94,0.45
9/9/94,0.42
9/12/94,0.47
9/13/94,0.46
9/14/94,0.48
9/15/94,0.48
9/16/94,0.45
9/19/94,0.48
9/20/94,0.5
9/21/94,0.34
9/22/94,0.46
9/23/94,0.47
9/26/94,0.47
9/27/94,0.54
9/28/94,0.71
9/29/94,0.86
9/30/94,0.83
10/3/94,0.77
10/4/94,0.61
10/5/94,0.66
10/6/94,0.72
10/7/94,0.81
10/10/94,.
10/11/94,0.74
10/12/94,0.63
10/13/94,0.71
10/14/94,0.76
10/17/94,0.71
10/18/94,0.65
10/19/94,0.64
10/20/94,0.56
10/21/94,0.62
10/24/94,0.61
10/25/94,0.63
10/26/94,0.69
10/27/94,0.71
10/28/94,0.68
10/31/94,0.59
11/1/94,0.54
11/2/94,0.6
11/3/94,0.63
11/4/94,0.57
11/7/94,0.59
11/8/94,0.58
11/9/94,0.61
11/10/94,0.58
11/11/94,.
11/14/94,0.53
11/15/94,0.43
11/16/94,0.57
11/17/94,0.59
11/18/94,0.64
11/21/94,0.67
11/22/94,0.66
11/23/94,0.65
11/24/94,.
11/25/94,0.65
11/28/94,0.59
11/29/94,0.53
11/30/94,0.63
12/1/94,0.7
12/2/94,0.75
12/5/94,0.62
12/6/94,0.67
12/7/94,0.65
12/8/94,0.7
12/9/94,0.71
12/12/94,0.66
12/13/94,0.66
12/14/94,0.76
12/15/94,0.84
12/16/94,0.75
12/19/94,0.82
12/20/94,0.89
12/21/94,0.9
12/22/94,0.85
12/23/94,0.84
12/26/94,.
12/27/94,.
12/28/94,0.98
12/29/94,0.99
12/30/94,0.97
1/2/95,.
1/3/95,0.97
1/4/95,0.81
1/5/95,0.72
1/6/95,0.7
1/9/95,0.62
1/10/95,0.63
1/11/95,0.71
1/12/95,0.63
1/13/95,0.68
1/16/95,.
1/17/95,0.57
1/18/95,0.6
1/19/95,0.66
1/20/95,0.56
1/23/95,0.55
1/24/95,0.5
1/25/95,0.61
1/26/95,0.54
1/27/95,0.55
1/30/95,0.58
1/31/95,0.48
2/1/95,0.41
2/2/95,0.46
2/3/95,0.51
2/6/95,0.45
2/7/95,0.44
2/8/95,0.48
2/9/95,0.47
2/10/95,0.44
2/13/95,0.51
2/14/95,0.52
2/15/95,0.48
2/16/95,0.56
2/17/95,0.55
2/20/95,.
2/21/95,0.51
2/22/95,0.56
2/23/95,0.47
2/24/95,0.51
2/27/95,0.53
2/28/95,0.49
3/1/95,0.49
3/2/95,0.5
3/3/95,0.53
3/6/95,0.57
3/7/95,0.53
3/8/95,0.54
3/9/95,0.58
3/10/95,0.54
3/13/95,0.55
3/14/95,0.5
3/15/95,0.51
3/16/95,0.51
3/17/95,0.51
3/20/95,0.52
3/21/95,0.51
3/22/95,0.52
3/23/95,0.54
3/24/95,0.58
3/27/95,0.59
3/28/95,0.54
3/29/95,0.64
3/30/95,0.55
3/31/95,0.55
4/3/95,0.61
4/4/95,0.58
4/5/95,0.55
4/6/95,0.58
4/7/95,0.57
4/10/95,0.6
4/11/95,0.59
4/12/95,0.61
4/13/95,0.67
4/14/95,.
4/17/95,.
4/18/95,0.64
4/19/95,0.63
4/20/95,0.65
4/21/95,0.57
4/24/95,0.57
4/25/95,0.52
4/26/95,0.52
4/27/95,0.5
4/28/95,0.5
5/1/95,0.48
5/2/95,0.48
5/3/95,0.53
5/4/95,0.59
5/5/95,0.62
5/8/95,.
5/9/95,0.5
5/10/95,0.42
5/11/95,0.46
5/12/95,0.43
5/15/95,0.42
5/16/95,0.43
5/17/95,0.45
5/18/95,0.43
5/19/95,0.43
5/22/95,0.42
5/23/95,0.39
5/24/95,0.43
5/25/95,0.4
5/26/95,0.4
5/29/95,.
5/30/95,0.41
5/31/95,0.43
6/1/95,0.56
6/2/95,0.58
6/5/95,0.37
6/6/95,0.42
6/7/95,0.37
6/8/95,0.45
6/9/95,0.46
6/12/95,0.5
6/13/95,0.62
6/14/95,0.56
6/15/95,0.52
6/16/95,0.57
6/19/95,0.6
6/20/95,0.55
6/21/95,0.57
6/22/95,0.63
6/23/95,0.56
6/26/95,0.55
6/27/95,0.58
6/28/95,0.6
6/29/95,0.5
6/30/95,0.62
7/3/95,0.54
7/4/95,.
7/5/95,0.49
7/6/95,0.58
7/7/95,0.43
7/10/95,0.51
7/11/95,0.49
7/12/95,0.5
7/13/95,0.42
7/14/95,0.38
7/17/95,0.42
7/18/95,0.43
7/19/95,0.46
7/20/95,0.49
7/21/95,0.43
7/24/95,0.5
7/25/95,0.48
7/26/95,0.42
7/27/95,0.51
7/28/95,0.46
7/31/95,0.46
8/1/95,0.43
8/2/95,0.46
8/3/95,0.46
8/4/95,0.46
8/7/95,0.47
8/8/95,0.5
8/9/95,0.49
8/10/95,0.47
8/11/95,0.46
8/14/95,0.51
8/15/95,0.49
8/16/95,0.51
8/17/95,0.5
8/18/95,0.5
8/21/95,0.49
8/22/95,0.48
8/23/95,0.51
8/24/95,0.58
8/25/95,0.56
8/28/95,.
8/29/95,0.54
8/30/95,0.58
8/31/95,0.59
9/1/95,0.58
9/4/95,.
9/5/95,0.57
9/6/95,0.55
9/7/95,0.54
9/8/95,0.51
9/11/95,0.53
9/12/95,0.57
9/13/95,0.57
9/14/95,0.59
9/15/95,0.51
9/18/95,0.52
9/19/95,0.61
9/20/95,0.63
9/21/95,0.57
9/22/95,0.65
9/25/95,0.63
9/26/95,0.58
9/27/95,0.62
9/28/95,0.66
9/29/95,0.71
10/2/95,0.68
10/3/95,0.59
10/4/95,0.63
10/5/95,0.66
10/6/95,0.63
10/9/95,.
10/10/95,0.65
10/11/95,0.63
10/12/95,0.64
10/13/95,0.65
10/16/95,0.62
10/17/95,0.67
10/18/95,0.69
10/19/95,0.69
10/20/95,0.67
10/23/95,0.67
10/24/95,0.72
10/25/95,0.71
10/26/95,0.72
10/27/95,0.69
10/30/95,0.66
10/31/95,0.62
11/1/95,0.62
11/2/95,0.6
11/3/95,0.57
11/6/95,0.54
11/7/95,0.5
11/8/95,0.51
11/9/95,0.49
11/10/95,0.46
11/13/95,0.46
11/14/95,0.5
11/15/95,0.49
11/16/95,0.51
11/17/95,0.53
11/20/95,0.51
11/21/95,0.51
11/22/95,0.51
11/23/95,.
11/24/95,0.55
11/27/95,0.53
11/28/95,0.5
11/29/95,0.54
11/30/95,0.55
12/1/95,0.54
12/4/95,0.5
12/5/95,0.5
12/6/95,0.49
12/7/95,0.47
12/8/95,0.47
12/11/95,0.48
12/12/95,0.56
12/13/95,0.55
12/14/95,0.55
12/15/95,0.61
12/18/95,0.61
12/19/95,0.72
12/20/95,0.67
12/21/95,0.77
12/22/95,0.78
12/25/95,.
12/26/95,.
12/27/95,0.79
12/28/95,0.79
12/29/95,0.66
1/1/96,.
1/2/96,0.66
1/3/96,0.58
1/4/96,0.57
1/5/96,0.58
1/8/96,0.57
1/9/96,0.59
1/10/96,0.55
1/11/96,0.57
1/12/96,0.55
1/15/96,.
1/16/96,0.56
1/17/96,0.57
1/18/96,0.59
1/19/96,0.54
1/22/96,0.52
1/23/96,0.53
1/24/96,0.53
1/25/96,0.53
1/26/96,0.53
1/29/96,0.44
1/30/96,0.44
1/31/96,0.46
2/1/96,0.42
2/2/96,0.46
2/5/96,0.45
2/6/96,0.47
2/7/96,0.5
2/8/96,0.52
2/9/96,0.49
2/12/96,0.46
2/13/96,0.46
2/14/96,0.45
2/15/96,0.47
2/16/96,0.49
2/19/96,.
2/20/96,0.42
2/21/96,0.47
2/22/96,0.46
2/23/96,0.42
2/26/96,0.4
2/27/96,0.37
2/28/96,0.39
2/29/96,0.41
3/1/96,0.45
3/4/96,0.4
3/5/96,0.36
3/6/96,0.39
3/7/96,0.4
3/8/96,0.43
3/11/96,0.45
3/12/96,0.45
3/13/96,0.45
3/14/96,0.44
3/15/96,0.41
3/18/96,0.41
3/19/96,0.39
3/20/96,0.42
3/21/96,0.5
3/22/96,0.47
3/25/96,0.51
3/26/96,0.44
3/27/96,0.41
3/28/96,0.42
3/29/96,0.47
4/1/96,0.43
4/2/96,0.45
4/3/96,0.45
4/4/96,0.48
4/5/96,.
4/8/96,.
4/9/96,0.56
4/10/96,0.59
4/11/96,0.59
4/12/96,0.58
4/15/96,0.63
4/16/96,0.68
4/17/96,0.67
4/18/96,0.65
4/19/96,0.62
4/22/96,0.6
4/23/96,0.51
4/24/96,0.48
4/25/96,0.53
4/26/96,0.51
4/29/96,0.48
4/30/96,0.47
5/1/96,0.52
5/2/96,0.51
5/3/96,0.53
5/6/96,.
5/7/96,0.49
5/8/96,0.5
5/9/96,0.51
5/10/96,0.51
5/13/96,0.48
5/14/96,0.49
5/15/96,0.48
5/16/96,0.48
5/17/96,0.49
5/20/96,0.48
5/21/96,0.45
5/22/96,0.45
5/23/96,0.45
5/24/96,0.45
5/27/96,.
5/28/96,0.45
5/29/96,0.44
5/30/96,0.46
5/31/96,0.46
6/3/96,0.45
6/4/96,0.46
6/5/96,0.46
6/6/96,0.47
6/7/96,0.38
6/10/96,0.45
6/11/96,0.48
6/12/96,0.49
6/13/96,0.51
6/14/96,0.53
6/17/96,0.53
6/18/96,0.49
6/19/96,0.47
6/20/96,0.44
6/21/96,0.46
6/24/96,0.44
6/25/96,0.46
6/26/96,0.47
6/27/96,0.54
6/28/96,0.54
7/1/96,0.48
7/2/96,0.38
7/3/96,0.5
7/4/96,.
7/5/96,0.41
7/8/96,0.53
7/9/96,0.49
7/10/96,0.54
7/11/96,0.57
7/12/96,0.54
7/15/96,0.53
7/16/96,0.55
7/17/96,0.54
7/18/96,0.55
7/19/96,0.49
7/22/96,0.47
7/23/96,0.46
7/24/96,0.46
7/25/96,0.47
7/26/96,0.47
7/29/96,0.43
7/30/96,0.49
7/31/96,0.5
8/1/96,0.52
8/2/96,0.52
8/5/96,0.5
8/6/96,0.49
8/7/96,0.5
8/8/96,0.53
8/9/96,0.53
8/12/96,0.49
8/13/96,0.47
8/14/96,0.48
8/15/96,0.45
8/16/96,0.46
8/19/96,0.45
8/20/96,0.46
8/21/96,0.49
8/22/96,0.49
8/23/96,0.47
8/26/96,.
8/27/96,0.47
8/28/96,0.47
8/29/96,0.45
8/30/96,0.41
9/2/96,.
9/3/96,0.49
9/4/96,0.46
9/5/96,0.46
9/6/96,0.47
9/9/96,0.5
9/10/96,0.47
9/11/96,0.46
9/12/96,0.49
9/13/96,0.55
9/16/96,0.51
9/17/96,0.39
9/18/96,0.49
9/19/96,0.51
9/20/96,0.48
9/23/96,0.49
9/24/96,0.63
9/25/96,0.62
9/26/96,0.68
9/27/96,0.71
9/30/96,0.71
10/1/96,0.66
10/2/96,0.72
10/3/96,0.7
10/4/96,0.72
10/7/96,0.6
10/8/96,0.54
10/9/96,0.54
10/10/96,0.52
10/11/96,0.56
10/14/96,.
10/15/96,0.51
10/16/96,0.53
10/17/96,0.56
10/18/96,0.55
10/21/96,0.54
10/22/96,0.51
10/23/96,0.53
10/24/96,0.53
10/25/96,0.53
10/28/96,0.48
10/29/96,0.52
10/30/96,0.49
10/31/96,0.47
11/1/96,0.47
11/4/96,0.48
11/5/96,0.47
11/6/96,0.47
11/7/96,0.48
11/8/96,0.46
11/11/96,.
11/12/96,0.46
11/13/96,0.47
11/14/96,0.47
11/15/96,0.48
11/18/96,0.47
11/19/96,0.47
11/20/96,0.47
11/21/96,0.46
11/22/96,0.46
11/25/96,0.47
11/26/96,0.47
11/27/96,0.48
11/28/96,.
11/29/96,0.5
12/2/96,0.55
12/3/96,0.58
12/4/96,0.6
12/5/96,0.59
12/6/96,0.65
12/9/96,0.68
12/10/96,0.7
12/11/96,0.7
12/12/96,0.7
12/13/96,0.75
12/16/96,0.68
12/17/96,0.69
12/18/96,0.68
12/19/96,0.71
12/20/96,0.7
12/23/96,0.62
12/24/96,0.63
12/25/96,.
12/26/96,.
12/27/96,0.64
12/30/96,0.52
12/31/96,0.49
1/1/97,.
1/2/97,0.51
1/3/97,0.52
1/6/97,0.51
1/7/97,0.54
1/8/97,0.54
1/9/97,0.56
1/10/97,0.52
1/13/97,0.55
1/14/97,0.54
1/15/97,0.54
1/16/97,0.53
1/17/97,0.55
1/20/97,.
1/21/97,0.53
1/22/97,0.52
1/23/97,0.52
1/24/97,0.53
1/27/97,0.5
1/28/97,0.52
1/29/97,0.52
1/30/97,0.52
1/31/97,0.54
2/3/97,0.58
2/4/97,0.59
2/5/97,0.56
2/6/97,0.54
2/7/97,0.53
2/10/97,0.5
2/11/97,0.49
2/12/97,0.49
2/13/97,0.5
2/14/97,0.53
2/17/97,.
2/18/97,0.5
2/19/97,0.49
2/20/97,0.5
2/21/97,0.51
2/24/97,0.49
2/25/97,0.48
2/26/97,0.42
2/27/97,0.46
2/28/97,0.45
3/3/97,0.45
3/4/97,0.44
3/5/97,0.49
3/6/97,0.47
3/7/97,0.48
3/10/97,0.5
3/11/97,0.52
3/12/97,0.49
3/13/97,0.44
3/14/97,0.5
3/17/97,0.47
3/18/97,0.51
3/19/97,0.47
3/20/97,0.44
3/21/97,0.46
3/24/97,0.49
3/25/97,0.46
3/26/97,0.55
3/27/97,0.54
3/28/97,.
3/31/97,.
4/1/97,0.63
4/2/97,0.65
4/3/97,0.68
4/4/97,0.66
4/7/97,0.67
4/8/97,0.71
4/9/97,0.71
4/10/97,0.67
4/11/97,0.65
4/14/97,0.67
4/15/97,0.68
4/16/97,0.69
4/17/97,0.69
4/18/97,0.69
4/21/97,0.68
4/22/97,0.62
4/23/97,0.6
4/24/97,0.66
4/25/97,0.68
4/28/97,0.66
4/29/97,0.66
4/30/97,0.68
5/1/97,0.71
5/2/97,0.72
5/5/97,.
5/6/97,0.75
5/7/97,0.74
5/8/97,0.77
5/9/97,0.76
5/12/97,0.77
5/13/97,0.71
5/14/97,0.76
5/15/97,0.82
5/16/97,0.76
5/19/97,0.68
5/20/97,0.62
5/21/97,0.82
5/22/97,0.77
5/23/97,0.76
5/26/97,.
5/27/97,0.79
5/28/97,0.77
5/29/97,0.92
5/30/97,0.99
6/2/97,1.03
6/3/97,0.89
6/4/97,0.85
6/5/97,0.84
6/6/97,0.87
6/9/97,0.89
6/10/97,0.96
6/11/97,1.03
6/12/97,1.04
6/13/97,1.01
6/16/97,1.03
6/17/97,0.89
6/18/97,0.94
6/19/97,0.86
6/20/97,0.87
6/23/97,0.77
6/24/97,0.87
6/25/97,0.9
6/26/97,0.84
6/27/97,0.9
6/30/97,0.84
7/1/97,0.77
7/2/97,0.72
7/3/97,0.77
7/4/97,.
7/7/97,0.79
7/8/97,0.76
7/9/97,0.77
7/10/97,0.74
7/11/97,0.75
7/14/97,0.73
7/15/97,0.67
7/16/97,0.72
7/17/97,0.71
7/18/97,0.65
7/21/97,0.62
7/22/97,0.71
7/23/97,0.66
7/24/97,0.63
7/25/97,0.62
7/28/97,0.62
7/29/97,0.62
7/30/97,0.62
7/31/97,0.6
8/1/97,0.55
8/4/97,0.58
8/5/97,0.57
8/6/97,0.57
8/7/97,0.56
8/8/97,0.57
8/11/97,0.58
8/12/97,0.58
8/13/97,0.57
8/14/97,0.54
8/15/97,0.59
8/18/97,0.59
8/19/97,0.61
8/20/97,0.62
8/21/97,0.59
8/22/97,0.61
8/25/97,.
8/26/97,0.58
8/27/97,0.59
8/28/97,0.63
8/29/97,0.62
9/1/97,.
9/2/97,0.65
9/3/97,0.71
9/4/97,0.71
9/5/97,0.69
9/8/97,0.7
9/9/97,0.7
9/10/97,0.74
9/11/97,0.72
9/12/97,0.75
9/15/97,0.72
9/16/97,0.76
9/17/97,0.75
9/18/97,0.75
9/19/97,0.79
9/22/97,0.81
9/23/97,0.83
9/24/97,0.91
9/25/97,0.92
9/26/97,0.86
9/29/97,0.91
9/30/97,0.84
10/1/97,0.8
10/2/97,0.82
10/3/97,0.85
10/6/97,0.85
10/7/97,0.79
10/8/97,0.76
10/9/97,0.75
10/10/97,0.75
10/13/97,.
10/14/97,0.8
10/15/97,0.82
10/16/97,0.83
10/17/97,0.86
10/20/97,0.9
10/21/97,0.87
10/22/97,0.79
10/23/97,0.82
10/24/97,0.8
10/27/97,0.82
10/28/97,0.64
10/29/97,0.73
10/30/97,0.72
10/31/97,0.68
11/3/97,0.64
11/4/97,0.64
11/5/97,0.64
11/6/97,0.61
11/7/97,0.59
11/10/97,0.57
11/11/97,.
11/12/97,0.71
11/13/97,0.75
11/14/97,0.75
11/17/97,0.7
11/18/97,0.7
11/19/97,0.74
11/20/97,0.74
11/21/97,0.76
11/24/97,0.71
11/25/97,0.71
11/26/97,0.75
11/27/97,.
11/28/97,0.82
12/1/97,0.81
12/2/97,0.8
12/3/97,0.82
12/4/97,0.81
12/5/97,0.75
12/8/97,0.74
12/9/97,0.81
12/10/97,0.87
12/11/97,0.88
12/12/97,0.86
12/15/97,0.81
12/16/97,0.82
12/17/97,0.8
12/18/97,0.81
12/19/97,0.72
12/22/97,0.61
12/23/97,0.6
12/24/97,0.67
12/25/97,.
12/26/97,.
12/29/97,0.65
12/30/97,0.51
12/31/97,0.59
1/1/98,.
1/2/98,0.63
1/5/98,0.69
1/6/98,0.64
1/7/98,0.6
1/8/98,0.69
1/9/98,0.74
1/12/98,0.67
1/13/98,0.56
1/14/98,0.58
1/15/98,0.6
1/16/98,0.61
1/19/98,.
1/20/98,0.61
1/21/98,0.62
1/22/98,0.62
1/23/98,0.58
1/26/98,0.62
1/27/98,0.53
1/28/98,0.54
1/29/98,0.59
1/30/98,0.57
2/2/98,0.53
2/3/98,0.5
2/4/98,0.64
2/5/98,0.62
2/6/98,0.58
2/9/98,0.62
2/10/98,0.56
2/11/98,0.54
2/12/98,0.54
2/13/98,0.54
2/16/98,.
2/17/98,0.58
2/18/98,0.57
2/19/98,0.55
2/20/98,0.54
2/23/98,0.5
2/24/98,0.51
2/25/98,0.5
2/26/98,0.48
2/27/98,0.5
3/2/98,0.5
3/3/98,0.6
3/4/98,0.64
3/5/98,0.65
3/6/98,0.67
3/9/98,0.66
3/10/98,0.73
3/11/98,0.73
3/12/98,0.74
3/13/98,0.73
3/16/98,0.71
3/17/98,0.68
3/18/98,0.66
3/19/98,0.65
3/20/98,0.64
3/23/98,0.67
3/24/98,0.66
3/25/98,0.65
3/26/98,0.61
3/27/98,0.61
3/30/98,0.6
3/31/98,0.69
4/1/98,0.72
4/2/98,0.73
4/3/98,0.74
4/6/98,0.7
4/7/98,0.72
4/8/98,0.73
4/9/98,0.72
4/10/98,.
4/13/98,.
4/14/98,0.67
4/15/98,0.74
4/16/98,0.78
4/17/98,0.77
4/20/98,0.78
4/21/98,0.75
4/22/98,0.73
4/23/98,0.73
4/24/98,0.74
4/27/98,0.75
4/28/98,0.79
4/29/98,0.78
4/30/98,0.85
5/1/98,0.8
5/4/98,.
5/5/98,0.71
5/6/98,0.72
5/7/98,0.71
5/8/98,0.69
5/11/98,0.69
5/12/98,0.7
5/13/98,0.7
5/14/98,0.66
5/15/98,0.66
5/18/98,0.65
5/19/98,0.61
5/20/98,0.63
5/21/98,0.6
5/22/98,0.61
5/25/98,.
5/26/98,0.69
5/27/98,0.73
5/28/98,0.76
5/29/98,0.8
6/1/98,0.84
6/2/98,0.74
6/3/98,0.69
6/4/98,0.71
6/5/98,0.71
6/8/98,0.69
6/9/98,0.66
6/10/98,0.68
6/11/98,0.72
6/12/98,0.7
6/15/98,0.71
6/16/98,0.63
6/17/98,0.6
6/18/98,0.64
6/19/98,0.66
6/22/98,0.7
6/23/98,0.72
6/24/98,0.78
6/25/98,0.8
6/26/98,0.82
6/29/98,0.81
6/30/98,0.75
7/1/98,0.76
7/2/98,0.75
7/3/98,.
7/6/98,0.76
7/7/98,0.74
7/8/98,0.73
7/9/98,0.75
7/10/98,0.76
7/13/98,0.73
7/14/98,0.67
7/15/98,0.68
7/16/98,0.66
7/17/98,0.68
7/20/98,0.69
7/21/98,0.73
7/22/98,0.75
7/23/98,0.73
7/24/98,0.74
7/27/98,0.73
7/28/98,0.75
7/29/98,0.75
7/30/98,0.75
7/31/98,0.72
8/3/98,0.71
8/4/98,0.72
8/5/98,0.74
8/6/98,0.79
8/7/98,0.83
8/10/98,0.83
8/11/98,0.79
8/12/98,0.8
8/13/98,0.78
8/14/98,0.79
8/17/98,0.76
8/18/98,0.76
8/19/98,0.75
8/20/98,0.78
8/21/98,0.81
8/24/98,0.75
8/25/98,0.73
8/26/98,0.76
8/27/98,0.83
8/28/98,0.84
8/31/98,.
9/1/98,0.8
9/2/98,0.81
9/3/98,0.88
9/4/98,0.85
9/7/98,.
9/8/98,0.95
9/9/98,0.83
9/10/98,0.9
9/11/98,0.75
9/14/98,0.78
9/15/98,0.83
9/16/98,0.88
9/17/98,0.92
9/18/98,0.99
9/21/98,0.94
9/22/98,0.81
9/23/98,0.95
9/24/98,1
9/25/98,0.9
9/28/98,0.95
9/29/98,0.88
9/30/98,1.05
10/1/98,1.18
10/2/98,1.19
10/5/98,1.25
10/6/98,1.24
10/7/98,1.32
10/8/98,1.54
10/9/98,1.55
10/12/98,.
10/13/98,1.55
10/14/98,1.42
10/15/98,1.29
10/16/98,1.66
10/19/98,1.49
10/20/98,1.33
10/21/98,1.28
10/22/98,1.32
10/23/98,1.34
10/26/98,1.22
10/27/98,1.26
10/28/98,1.04
10/29/98,1
10/30/98,0.99
11/2/98,0.96
11/3/98,0.92
11/4/98,0.89
11/5/98,0.91
11/6/98,0.86
11/9/98,0.89
11/10/98,0.97
11/11/98,.
11/12/98,1.03
11/13/98,1.04
11/16/98,1
11/17/98,1.09
11/18/98,0.92
11/19/98,0.9
11/20/98,0.9
11/23/98,0.77
11/24/98,0.74
11/25/98,0.79
11/26/98,.
11/27/98,0.82
11/30/98,0.86
12/1/98,0.9
12/2/98,0.91
12/3/98,0.91
12/4/98,0.85
12/7/98,0.84
12/8/98,0.92
12/9/98,0.92
12/10/98,0.87
12/11/98,0.83
12/14/98,0.82
12/15/98,0.84
12/16/98,0.88
12/17/98,0.87
12/18/98,0.85
12/21/98,0.83
12/22/98,0.86
12/23/98,0.78
12/24/98,0.82
12/25/98,.
12/28/98,.
12/29/98,0.8
12/30/98,0.64
12/31/98,0.7
1/1/99,.
1/4/99,0.68
1/5/99,0.69
1/6/99,0.7
1/7/99,0.73
1/8/99,0.67
1/11/99,0.66
1/12/99,0.69
1/13/99,0.69
1/14/99,0.67
1/15/99,0.64
1/18/99,.
1/19/99,0.68
1/20/99,0.71
1/21/99,0.75
1/22/99,0.71
1/25/99,0.66
1/26/99,0.62
1/27/99,0.61
1/28/99,0.59
1/29/99,0.6
2/1/99,0.55
2/2/99,0.55
2/3/99,0.6
2/4/99,0.59
2/5/99,0.59
2/8/99,0.6
2/9/99,0.58
2/10/99,0.63
2/11/99,0.61
2/12/99,0.57
2/15/99,.
2/16/99,0.59
2/17/99,0.59
2/18/99,0.58
2/19/99,0.55
2/22/99,0.5
2/23/99,0.46
2/24/99,0.45
2/25/99,0.51
2/26/99,0.48
3/1/99,0.45
3/2/99,0.5
3/3/99,0.54
3/4/99,0.54
3/5/99,0.53
3/8/99,0.49
3/9/99,0.53
3/10/99,0.53
3/11/99,0.51
3/12/99,0.53
3/15/99,0.54
3/16/99,0.57
3/17/99,0.59
3/18/99,0.61
3/19/99,0.61
3/22/99,0.57
3/23/99,0.62
3/24/99,0.62
3/25/99,0.61
3/26/99,0.61
3/29/99,0.61
3/30/99,0.64
3/31/99,0.63
4/1/99,0.68
4/2/99,.
4/5/99,.
4/6/99,0.7
4/7/99,0.7
4/8/99,0.72
4/9/99,0.7
4/12/99,0.78
4/13/99,0.8
4/14/99,0.82
4/15/99,0.8
4/16/99,0.78
4/19/99,0.78
4/20/99,0.74
4/21/99,0.76
4/22/99,0.72
4/23/99,0.69
4/26/99,0.65
4/27/99,0.62
4/28/99,0.61
4/29/99,0.61
4/30/99,0.56
5/3/99,.
5/4/99,0.5
5/5/99,0.52
5/6/99,0.51
5/7/99,0.51
5/10/99,0.53
5/11/99,0.51
5/12/99,0.53
5/13/99,0.54
5/14/99,0.49
5/17/99,0.48
5/18/99,0.5
5/19/99,0.55
5/20/99,0.57
5/21/99,0.57
5/24/99,0.54
5/25/99,0.54
5/26/99,0.51
5/27/99,0.53
5/28/99,0.54
5/31/99,.
6/1/99,0.51
6/2/99,0.49
6/3/99,0.58
6/4/99,0.66
6/7/99,0.7
6/8/99,0.61
6/9/99,0.63
6/10/99,0.58
6/11/99,0.54
6/14/99,0.58
6/15/99,0.54
6/16/99,0.64
6/17/99,0.66
6/18/99,0.62
6/21/99,0.61
6/22/99,0.59
6/23/99,0.62
6/24/99,0.66
6/25/99,0.63
6/28/99,0.65
6/29/99,0.65
6/30/99,0.72
7/1/99,0.75
7/2/99,0.76
7/5/99,.
7/6/99,0.78
7/7/99,0.77
7/8/99,0.76
7/9/99,0.75
7/12/99,0.74
7/13/99,0.73
7/14/99,0.72
7/15/99,0.74
7/16/99,0.76
7/19/99,0.79
7/20/99,0.8
7/21/99,0.83
7/22/99,0.81
7/23/99,0.79
7/26/99,0.73
7/27/99,0.74
7/28/99,0.73
7/29/99,0.72
7/30/99,0.72
8/2/99,0.71
8/3/99,0.67
8/4/99,0.72
8/5/99,0.76
8/6/99,0.71
8/9/99,0.66
8/10/99,0.63
8/11/99,0.67
8/12/99,0.79
8/13/99,0.87
8/16/99,0.85
8/17/99,0.79
8/18/99,0.85
8/19/99,0.86
8/20/99,0.78
8/23/99,0.71
8/24/99,0.64
8/25/99,0.71
8/26/99,0.7
8/27/99,0.66
8/30/99,.
8/31/99,0.68
9/1/99,0.69
9/2/99,0.74
9/3/99,0.75
9/6/99,.
9/7/99,0.82
9/8/99,0.83
9/9/99,0.83
9/10/99,0.89
9/13/99,0.87
9/14/99,0.82
9/15/99,0.9
9/16/99,0.94
9/17/99,0.97
9/20/99,0.95
9/21/99,0.85
9/22/99,0.82
9/23/99,0.83
9/24/99,0.86
9/27/99,0.83
9/28/99,0.8
9/29/99,1.39
9/30/99,1.34
10/1/99,1.34
10/4/99,1.43
10/5/99,1.41
10/6/99,1.48
10/7/99,1.48
10/8/99,1.5
10/11/99,.
10/12/99,1.44
10/13/99,1.34
10/14/99,1.31
10/15/99,1.29
10/18/99,1.26
10/19/99,1.2
10/20/99,1.22
10/21/99,1.23
10/22/99,1.3
10/25/99,1.31
10/26/99,1.2
10/27/99,1.22
10/28/99,1.25
10/29/99,1.21
11/1/99,1.18
11/2/99,1.17
11/3/99,1.19
11/4/99,1.18
11/5/99,1.13
11/8/99,1.03
11/9/99,1.02
11/10/99,1.01
11/11/99,.
11/12/99,0.99
11/15/99,0.95
11/16/99,0.93
11/17/99,1.01
11/18/99,1.02
11/19/99,1.02
11/22/99,1.02
11/23/99,0.97
11/24/99,0.96
11/25/99,.
11/26/99,0.97
11/29/99,0.94
11/30/99,0.96
12/1/99,1
12/2/99,1.02
12/3/99,1.02
12/6/99,1.03
12/7/99,1.05
12/8/99,1.05
12/9/99,1.02
12/10/99,0.98
12/13/99,0.9
12/14/99,0.89
12/15/99,0.95
12/16/99,0.91
12/17/99,0.87
12/20/99,0.77
12/21/99,0.75
12/22/99,0.79
12/23/99,0.87
12/24/99,.
12/27/99,.
12/28/99,.
12/29/99,0.92
12/30/99,0.93
12/31/99,.
1/3/00,.
1/4/00,0.77
1/5/00,0.75
1/6/00,0.78
1/7/00,0.81
1/10/00,0.79
1/11/00,0.76
1/12/00,0.75
1/13/00,0.79
1/14/00,0.79
1/17/00,.
1/18/00,0.8
1/19/00,0.69
1/20/00,0.72
1/21/00,0.73
1/24/00,0.72
1/25/00,0.64
1/26/00,0.63
1/27/00,0.62
1/28/00,0.57
1/31/00,0.55
2/1/00,0.55
2/2/00,0.61
2/3/00,0.64
2/4/00,0.59
2/7/00,0.63
2/8/00,0.58
2/9/00,0.61
2/10/00,0.6
2/11/00,0.61
2/14/00,0.62
2/15/00,0.51
2/16/00,0.53
2/17/00,0.52
2/18/00,0.53
2/21/00,.
2/22/00,0.51
2/23/00,0.47
2/24/00,0.48
2/25/00,0.48
2/28/00,0.47
2/29/00,0.49
3/1/00,0.51
3/2/00,0.52
3/3/00,0.49
3/6/00,0.46
3/7/00,0.46
3/8/00,0.46
3/9/00,0.48
3/10/00,0.44
3/13/00,0.44
3/14/00,0.45
3/15/00,0.48
3/16/00,0.49
3/17/00,0.49
3/20/00,0.49
3/21/00,0.5
3/22/00,0.51
3/23/00,0.52
3/24/00,0.51
3/27/00,0.59
3/28/00,0.56
3/29/00,0.55
3/30/00,0.58
3/31/00,0.57
4/3/00,0.6
4/4/00,0.62
4/5/00,0.57
4/6/00,0.55
4/7/00,0.55
4/10/00,0.58
4/11/00,0.61
4/12/00,0.61
4/13/00,0.63
4/14/00,0.63
4/17/00,0.63
4/18/00,0.64
4/19/00,0.66
4/20/00,0.69
4/21/00,.
4/24/00,.
4/25/00,0.7
4/26/00,0.79
4/27/00,0.8
4/28/00,0.84
5/1/00,.
5/2/00,0.82
5/3/00,0.86
5/4/00,0.92
5/5/00,0.88
5/8/00,0.83
5/9/00,0.76
5/10/00,0.76
5/11/00,0.76
5/12/00,0.77
5/15/00,0.82
5/16/00,0.74
5/17/00,0.93
5/18/00,1.07
5/19/00,1.11
5/22/00,1.11
5/23/00,0.98
5/24/00,1.07
5/25/00,1.15
5/26/00,1.18
5/29/00,.
5/30/00,1.24
5/31/00,1.38
6/1/00,1.3
6/2/00,1.15
6/5/00,1.07
6/6/00,0.97
6/7/00,1.05
6/8/00,1.06
6/9/00,1.06
6/12/00,1.12
6/13/00,1.09
6/14/00,1.13
6/15/00,1.11
6/16/00,1.12
6/19/00,1.12
6/20/00,1.13
6/21/00,1.11
6/22/00,1.1
6/23/00,1.08
6/26/00,1.11
6/27/00,1.11
6/28/00,1.13
6/29/00,1.1
6/30/00,1.06
7/3/00,1.02
7/4/00,.
7/5/00,0.92
7/6/00,0.89
7/7/00,0.87
7/10/00,0.83
7/11/00,0.8
7/12/00,0.74
7/13/00,0.73
7/14/00,0.74
7/17/00,0.76
7/18/00,0.76
7/19/00,0.74
7/20/00,0.74
7/21/00,0.77
7/24/00,0.73
7/25/00,0.7
7/26/00,0.71
7/27/00,0.67
7/28/00,0.69
7/31/00,0.69
8/1/00,0.65
8/2/00,0.65
8/3/00,0.66
8/4/00,0.66
8/7/00,0.63
8/8/00,0.61
8/9/00,0.62
8/10/00,0.61
8/11/00,0.57
8/14/00,0.6
8/15/00,0.59
8/16/00,0.6
8/17/00,0.6
8/18/00,0.6
8/21/00,0.6
8/22/00,0.59
8/23/00,0.58
8/24/00,0.57
8/25/00,0.55
8/28/00,.
8/29/00,0.55
8/30/00,0.54
8/31/00,0.55
9/1/00,0.58
9/4/00,.
9/5/00,0.58
9/6/00,0.62
9/7/00,0.64
9/8/00,0.69
9/11/00,0.71
9/12/00,0.74
9/13/00,0.74
9/14/00,0.69
9/15/00,0.69
9/18/00,0.69
9/19/00,0.67
9/20/00,0.68
9/21/00,0.68
9/22/00,0.67
9/25/00,0.67
9/26/00,0.66
9/27/00,0.64
9/28/00,0.75
9/29/00,0.76
10/2/00,0.77
10/3/00,0.74
10/4/00,0.74
10/5/00,0.73
10/6/00,0.74
10/9/00,.
10/10/00,0.75
10/11/00,0.75
10/12/00,0.79
10/13/00,0.75
10/16/00,0.71
10/17/00,0.65
10/18/00,0.64
10/19/00,0.62
10/20/00,0.63
10/23/00,0.6
10/24/00,0.59
10/25/00,0.56
10/26/00,0.58
10/27/00,0.59
10/30/00,0.57
10/31/00,0.57
11/1/00,0.58
11/2/00,0.56
11/3/00,0.55
11/6/00,0.51
11/7/00,0.53
11/8/00,0.54
11/9/00,0.55
11/10/00,0.57
11/13/00,0.57
11/14/00,0.58
11/15/00,0.57
11/16/00,0.59
11/17/00,0.58
11/20/00,0.57
11/21/00,0.57
11/22/00,0.57
11/23/00,.
11/24/00,0.57
11/27/00,0.61
11/28/00,0.65
11/29/00,0.68
11/30/00,0.68
12/1/00,0.64
12/4/00,0.68
12/5/00,0.77
12/6/00,0.7
12/7/00,0.64
12/8/00,0.65
12/11/00,0.67
12/12/00,0.69
12/13/00,0.69
12/14/00,0.66
12/15/00,0.7
12/18/00,0.76
12/19/00,0.76
12/20/00,0.84
12/21/00,1.22
12/22/00,1.32
12/25/00,.
12/26/00,.
12/27/00,0.85
12/28/00,0.69
12/29/00,0.67
1/1/01,.
1/2/01,0.68
1/3/01,0.76
1/4/01,0.64
1/5/01,0.7
1/8/01,0.56
1/9/01,0.52
1/10/01,0.5
1/11/01,0.51
1/12/01,0.49
1/15/01,.
1/16/01,0.52
1/17/01,0.52
1/18/01,0.51
1/19/01,0.51
1/22/01,0.47
1/23/01,0.47
1/24/01,0.47
1/25/01,0.46
1/26/01,0.53
1/29/01,0.55
1/30/01,0.64
1/31/01,0.56
2/1/01,0.52
2/2/01,0.47
2/5/01,0.45
2/6/01,0.47
2/7/01,0.47
2/8/01,0.46
2/9/01,0.48
2/12/01,0.46
2/13/01,0.47
2/14/01,0.46
2/15/01,0.46
2/16/01,0.52
2/19/01,.
2/20/01,0.46
2/21/01,0.48
2/22/01,0.46
2/23/01,0.53
2/26/01,0.48
2/27/01,0.4
2/28/01,0.32
3/1/01,0.37
3/2/01,0.36
3/5/01,0.38
3/6/01,0.42
3/7/01,0.5
3/8/01,0.5
3/9/01,0.43
3/12/01,0.52
3/13/01,0.49
3/14/01,0.59
3/15/01,0.53
3/16/01,0.47
3/19/01,0.46
3/20/01,0.51
3/21/01,0.66
3/22/01,0.7
3/23/01,0.67
3/26/01,0.68
3/27/01,0.62
3/28/01,0.67
3/29/01,0.66
3/30/01,0.68
4/2/01,0.72
4/3/01,0.8
4/4/01,0.81
4/5/01,0.79
4/6/01,0.96
4/9/01,0.9
4/10/01,0.89
4/11/01,0.78
4/12/01,0.86
4/13/01,.
4/16/01,.
4/17/01,0.79
4/18/01,1.01
4/19/01,0.63
4/20/01,0.74
4/23/01,0.72
4/24/01,0.65
4/25/01,0.59
4/26/01,0.6
4/27/01,0.55
4/30/01,0.48
5/1/01,0.51
5/2/01,0.51
5/3/01,0.55
5/4/01,0.62
5/7/01,.
5/8/01,0.48
5/9/01,0.44
5/10/01,0.4
5/11/01,0.38
5/14/01,0.49
5/15/01,0.55
5/16/01,0.54
5/17/01,0.55
5/18/01,0.52
5/21/01,0.51
5/22/01,0.52
5/23/01,0.51
5/24/01,0.44
5/25/01,0.45
5/28/01,.
5/29/01,0.37
5/30/01,0.4
5/31/01,0.44
6/1/01,0.35
6/4/01,0.34
6/5/01,0.39
6/6/01,0.39
6/7/01,0.37
6/8/01,0.36
6/11/01,0.39
6/12/01,0.42
6/13/01,0.42
6/14/01,0.4
6/15/01,0.41
6/18/01,0.35
6/19/01,0.33
6/20/01,0.34
6/21/01,0.31
6/22/01,0.36
6/25/01,0.33
6/26/01,0.32
6/27/01,0.27
6/28/01,0.23
6/29/01,0.27
7/2/01,0.24
7/3/01,0.24
7/4/01,.
7/5/01,0.25
7/6/01,0.26
7/9/01,0.22
7/10/01,0.24
7/11/01,0.26
7/12/01,0.25
7/13/01,0.22
7/16/01,0.2
7/17/01,0.23
7/18/01,0.3
7/19/01,0.24
7/20/01,0.26
7/23/01,0.22
7/24/01,0.22
7/25/01,0.22
7/26/01,0.23
7/27/01,0.23
7/30/01,0.19
7/31/01,0.21
8/1/01,0.21
8/2/01,0.2
8/3/01,0.22
8/6/01,0.21
8/7/01,0.2
8/8/01,0.23
8/9/01,0.22
8/10/01,0.23
8/13/01,0.2
8/14/01,0.21
8/15/01,0.21
8/16/01,0.24
8/17/01,0.26
8/20/01,0.19
8/21/01,0.22
8/22/01,0.2
8/23/01,0.18
8/24/01,0.17
8/27/01,.
8/28/01,0.19
8/29/01,0.16
8/30/01,0.2
8/31/01,0.16
9/3/01,.
9/4/01,0.11
9/5/01,0.19
9/6/01,0.25
9/7/01,0.29
9/10/01,0.17
9/11/01,.
9/12/01,.
9/13/01,0.47
9/14/01,0.56
9/17/01,0.57
9/18/01,0.53
9/19/01,0.63
9/20/01,0.42
9/21/01,0.41
9/24/01,0.27
9/25/01,0.25
9/26/01,0.26
9/27/01,0.27
9/28/01,0.24
10/1/01,0.28
10/2/01,0.37
10/3/01,0.31
10/4/01,0.33
10/5/01,0.33
10/8/01,.
10/9/01,0.25
10/10/01,0.25
10/11/01,0.2
10/12/01,0.25
10/15/01,0.22
10/16/01,0.24
10/17/01,0.23
10/18/01,0.24
10/19/01,0.22
10/22/01,0.17
10/23/01,0.19
10/24/01,0.2
10/25/01,0.21
10/26/01,0.18
10/29/01,0.22
10/30/01,0.22
10/31/01,0.19
11/1/01,0.19
11/2/01,0.23
11/5/01,0.2
11/6/01,0.31
11/7/01,0.23
11/8/01,0.19
11/9/01,0.22
11/12/01,.
11/13/01,0.2
11/14/01,0.18
11/15/01,0.22
11/16/01,0.23
11/19/01,0.25
11/20/01,0.2
11/21/01,0.21
11/22/01,.
11/23/01,0.25
11/26/01,0.22
11/27/01,0.29
11/28/01,0.26
11/29/01,0.31
11/30/01,0.28
12/3/01,0.26
12/4/01,0.29
12/5/01,0.24
12/6/01,0.3
12/7/01,0.34
12/10/01,0.25
12/11/01,0.27
12/12/01,0.22
12/13/01,0.21
12/14/01,0.2
12/17/01,0.19
12/18/01,0.23
12/19/01,0.24
12/20/01,0.24
12/21/01,0.22
12/24/01,0.21
12/25/01,.
12/26/01,.
12/27/01,0.2
12/28/01,0.19
12/31/01,0.17
1/1/02,.
1/2/02,0.15
1/3/02,0.18
1/4/02,0.18
1/7/02,0.22
1/8/02,0.19
1/9/02,0.19
1/10/02,0.18
1/11/02,0.28
1/14/02,0.17
1/15/02,0.15
1/16/02,0.14
1/17/02,0.13
1/18/02,0.18
1/21/02,.
1/22/02,0.13
1/23/02,0.12
1/24/02,0.12
1/25/02,0.18
1/28/02,0.14
1/29/02,0.18
1/30/02,0.14
1/31/02,0.15
2/1/02,0.19
2/4/02,0.17
2/5/02,0.17
2/6/02,0.19
2/7/02,0.2
2/8/02,0.2
2/11/02,0.17
2/12/02,0.17
2/13/02,0.17
2/14/02,0.19
2/15/02,0.2
2/18/02,.
2/19/02,0.17
2/20/02,0.17
2/21/02,0.18
2/22/02,0.17
2/25/02,0.16
2/26/02,0.16
2/27/02,0.17
2/28/02,0.14
3/1/02,0.16
3/4/02,0.14
3/5/02,0.15
3/6/02,0.17
3/7/02,0.17
3/8/02,0.19
3/11/02,0.17
3/12/02,0.19
3/13/02,0.21
3/14/02,0.17
3/15/02,0.19
3/18/02,0.16
3/19/02,0.19
3/20/02,0.18
3/21/02,0.22
3/22/02,0.23
3/25/02,0.22
3/26/02,0.27
3/27/02,0.26
3/28/02,0.27
3/29/02,.
4/1/02,.
4/2/02,0.27
4/3/02,0.27
4/4/02,0.26
4/5/02,0.28
4/8/02,0.27
4/9/02,0.29
4/10/02,0.3
4/11/02,0.29
4/12/02,0.3
4/15/02,0.28
4/16/02,0.26
4/17/02,0.27
4/18/02,0.26
4/19/02,0.24
4/22/02,0.25
4/23/02,0.24
4/24/02,0.25
4/25/02,0.22
4/26/02,0.2
4/29/02,0.16
4/30/02,0.18
5/1/02,0.18
5/2/02,0.18
5/3/02,0.19
5/6/02,.
5/7/02,0.17
5/8/02,0.17
5/9/02,0.18
5/10/02,0.16
5/13/02,0.14
5/14/02,0.15
5/15/02,0.19
5/16/02,0.19
5/17/02,0.17
5/20/02,0.17
5/21/02,0.18
5/22/02,0.19
5/23/02,0.19
5/24/02,0.19
5/27/02,.
5/28/02,0.16
5/29/02,0.18
5/30/02,0.18
5/31/02,0.19
6/3/02,.
6/4/02,.
6/5/02,0.17
6/6/02,0.18
6/7/02,0.18
6/10/02,0.16
6/11/02,0.17
6/12/02,0.18
6/13/02,0.2
6/14/02,0.2
6/17/02,0.17
6/18/02,0.18
6/19/02,0.19
6/20/02,0.17
6/21/02,0.18
6/24/02,0.16
6/25/02,0.17
6/26/02,0.19
6/27/02,0.19
6/28/02,0.19
7/1/02,0.17
7/2/02,0.17
7/3/02,0.17
7/4/02,.
7/5/02,0.17
7/8/02,0.16
7/9/02,0.17
7/10/02,0.17
7/11/02,0.17
7/12/02,0.18
7/15/02,0.17
7/16/02,0.17
7/17/02,0.17
7/18/02,0.17
7/19/02,0.18
7/22/02,0.18
7/23/02,0.18
7/24/02,0.16
7/25/02,0.16
7/26/02,0.15
7/29/02,0.12
7/30/02,0.13
7/31/02,0.14
8/1/02,0.16
8/2/02,0.2
8/5/02,0.16
8/6/02,0.14
8/7/02,0.2
8/8/02,0.15
8/9/02,0.16
8/12/02,0.1
8/13/02,0.15
8/14/02,0.12
8/15/02,0.17
8/16/02,0.17
8/19/02,0.13
8/20/02,0.18
8/21/02,0.17
8/22/02,0.16
8/23/02,0.18
8/26/02,.
8/27/02,0.15
8/28/02,0.18
8/29/02,0.16
8/30/02,0.15
9/2/02,.
9/3/02,0.19
9/4/02,0.18
9/5/02,0.2
9/6/02,0.15
9/9/02,0.14
9/10/02,0.17
9/11/02,0.16
9/12/02,0.17
9/13/02,0.16
9/16/02,0.14
9/17/02,0.16
9/18/02,0.17
9/19/02,0.2
9/20/02,0.18
9/23/02,0.18
9/24/02,0.17
9/25/02,0.16
9/26/02,0.18
9/27/02,0.21
9/30/02,0.25
10/1/02,0.2
10/2/02,0.22
10/3/02,0.22
10/4/02,0.18
10/7/02,0.16
10/8/02,0.19
10/9/02,0.23
10/10/02,0.21
10/11/02,0.22
10/14/02,.
10/15/02,0.15
10/16/02,0.19
10/17/02,0.2
10/18/02,0.19
10/21/02,0.15
10/22/02,0.18
10/23/02,0.19
10/24/02,0.21
10/25/02,0.21
10/28/02,0.22
10/29/02,0.28
10/30/02,0.23
10/31/02,0.27
11/1/02,0.25
11/4/02,0.22
11/5/02,0.22
11/6/02,0.4
11/7/02,0.2
11/8/02,0.2
11/11/02,.
11/12/02,0.2
11/13/02,0.21
11/14/02,0.21
11/15/02,0.22
11/18/02,0.21
11/19/02,0.23
11/20/02,0.22
11/21/02,0.22
11/22/02,0.22
11/25/02,0.21
11/26/02,0.23
11/27/02,0.21
11/28/02,.
11/29/02,0.23
12/2/02,0.2
12/3/02,0.21
12/4/02,0.22
12/5/02,0.22
12/6/02,0.23
12/9/02,0.2
12/10/02,0.22
12/11/02,0.22
12/12/02,0.22
12/13/02,0.22
12/16/02,0.2
12/17/02,0.21
12/18/02,0.22
12/19/02,0.21
12/20/02,0.21
12/23/02,0.23
12/24/02,0.23
12/25/02,.
12/26/02,.
12/27/02,0.26
12/30/02,0.18
12/31/02,0.18
1/1/03,.
1/2/03,0.18
1/3/03,0.19
1/6/03,0.2
1/7/03,0.22
1/8/03,0.21
1/9/03,0.2
1/10/03,0.2
1/13/03,0.19
1/14/03,0.2
1/15/03,0.19
1/16/03,0.21
1/17/03,0.21
1/20/03,.
1/21/03,0.19
1/22/03,0.21
1/23/03,0.2
1/24/03,0.21
1/27/03,0.19
1/28/03,0.18
1/29/03,0.18
1/30/03,0.19
1/31/03,0.19
2/3/03,0.19
2/4/03,0.21
2/5/03,0.19
2/6/03,0.2
2/7/03,0.2
2/10/03,0.2
2/11/03,0.19
2/12/03,0.18
2/13/03,0.19
2/14/03,0.18
2/17/03,.
2/18/03,0.17
2/19/03,0.18
2/20/03,0.17
2/21/03,0.17
2/24/03,0.15
2/25/03,0.16
2/26/03,0.15
2/27/03,0.15
2/28/03,0.16
3/3/03,0.16
3/4/03,0.16
3/5/03,0.16
3/6/03,0.16
3/7/03,0.21
3/10/03,0.2
3/11/03,0.15
3/12/03,0.15
3/13/03,0.16
3/14/03,0.17
3/17/03,0.13
3/18/03,0.15
3/19/03,0.15
3/20/03,0.14
3/21/03,0.13
3/24/03,0.14
3/25/03,0.13
3/26/03,0.13
3/27/03,0.15
3/28/03,0.17
3/31/03,0.16
4/1/03,0.18
4/2/03,0.17
4/3/03,0.19
4/4/03,0.19
4/7/03,0.14
4/8/03,0.16
4/9/03,0.18
4/10/03,0.16
4/11/03,0.14
4/14/03,0.12
4/15/03,0.16
4/16/03,0.18
4/17/03,0.16
4/18/03,.
4/21/03,.
4/22/03,0.16
4/23/03,0.17
4/24/03,0.19
4/25/03,0.19
4/28/03,0.18
4/29/03,0.18
4/30/03,0.2
5/1/03,0.22
5/2/03,0.19
5/5/03,.
5/6/03,0.21
5/7/03,0.19
5/8/03,0.21
5/9/03,0.2
5/12/03,0.21
5/13/03,0.22
5/14/03,0.25
5/15/03,0.25
5/16/03,0.26
5/19/03,0.25
5/20/03,0.26
5/21/03,0.23
5/22/03,0.22
5/23/03,0.22
5/26/03,.
5/27/03,0.21
5/28/03,0.18
5/29/03,0.2
5/30/03,0.19
6/2/03,0.16
6/3/03,0.22
6/4/03,0.23
6/5/03,0.22
6/6/03,0.18
6/9/03,0.19
6/10/03,0.23
6/11/03,0.22
6/12/03,0.22
6/13/03,0.25
6/16/03,0.21
6/17/03,0.17
6/18/03,0.19
6/19/03,0.23
6/20/03,0.21
6/23/03,0.19
6/24/03,0.2
6/25/03,0.1
6/26/03,0.21
6/27/03,0.26
6/30/03,0.23
7/1/03,0.24
7/2/03,0.26
7/3/03,0.26
7/4/03,.
7/7/03,0.21
7/8/03,0.21
7/9/03,0.23
7/10/03,0.24
7/11/03,0.24
7/14/03,0.21
7/15/03,0.2
7/16/03,0.22
7/17/03,0.23
7/18/03,0.22
7/21/03,0.2
7/22/03,0.2
7/23/03,0.2
7/24/03,0.2
7/25/03,0.2
7/28/03,0.16
7/29/03,0.14
7/30/03,0.16
7/31/03,0.17
8/1/03,0.21
8/4/03,0.19
8/5/03,0.2
8/6/03,0.21
8/7/03,0.21
8/8/03,0.19
8/11/03,0.19
8/12/03,0.2
8/13/03,0.19
8/14/03,0.19
8/15/03,0.2
8/18/03,0.19
8/19/03,0.19
8/20/03,0.19
8/21/03,0.18
8/22/03,0.18
8/25/03,.
8/26/03,0.15
8/27/03,0.16
8/28/03,0.17
8/29/03,0.18
9/1/03,.
9/2/03,0.18
9/3/03,0.2
9/4/03,0.2
9/5/03,0.2
9/8/03,0.19
9/9/03,0.2
9/10/03,0.2
9/11/03,0.2
9/12/03,0.2
9/15/03,0.2
9/16/03,0.23
9/17/03,0.21
9/18/03,0.2
9/19/03,0.21
9/22/03,0.2
9/23/03,0.22
9/24/03,0.21
9/25/03,0.22
9/26/03,0.22
9/29/03,0.21
9/30/03,0.23
10/1/03,0.22
10/2/03,0.23
10/3/03,0.23
10/6/03,0.23
10/7/03,0.25
10/8/03,0.26
10/9/03,0.26
10/10/03,0.25
10/13/03,.
10/14/03,0.24
10/15/03,0.25
10/16/03,0.25
10/17/03,0.26
10/20/03,0.24
10/21/03,0.26
10/22/03,0.23
10/23/03,0.22
10/24/03,0.23
10/27/03,0.2
10/28/03,0.23
10/29/03,0.22
10/30/03,0.22
10/31/03,0.23
11/3/03,0.23
11/4/03,0.24
11/5/03,0.23
11/6/03,0.23
11/7/03,0.23
11/10/03,0.23
11/11/03,.
11/12/03,0.25
11/13/03,0.26
11/14/03,0.24
11/17/03,0.23
11/18/03,0.23
11/19/03,0.24
11/20/03,0.24
11/21/03,0.25
11/24/03,0.23
11/25/03,0.24
11/26/03,0.25
11/27/03,.
11/28/03,0.26
12/1/03,0.25
12/2/03,0.26
12/3/03,0.26
12/4/03,0.27
12/5/03,0.28
12/8/03,0.26
12/9/03,0.26
12/10/03,0.26
12/11/03,0.29
12/12/03,0.28
12/15/03,0.28
12/16/03,0.28
12/17/03,0.29
12/18/03,0.3
12/19/03,0.31
12/22/03,0.28
12/23/03,0.29
12/24/03,0.29
12/25/03,.
12/26/03,.
12/29/03,0.27
12/30/03,0.24
12/31/03,0.22
1/1/04,.
1/2/04,0.24
1/5/04,0.25
1/6/04,0.25
1/7/04,0.25
1/8/04,0.28
1/9/04,0.29
1/12/04,0.24
1/13/04,0.25
1/14/04,0.26
1/15/04,0.26
1/16/04,0.25
1/19/04,.
1/20/04,0.24
1/21/04,0.25
1/22/04,0.26
1/23/04,0.24
1/26/04,0.23
1/27/04,0.23
1/28/04,0.2
1/29/04,0.21
1/30/04,0.23
2/2/04,0.2
2/3/04,0.21
2/4/04,0.21
2/5/04,0.21
2/6/04,0.22
2/9/04,0.2
2/10/04,0.2
2/11/04,0.22
2/12/04,0.21
2/13/04,0.22
2/16/04,.
2/17/04,0.19
2/18/04,0.2
2/19/04,0.2
2/20/04,0.2
2/23/04,0.17
2/24/04,0.17
2/25/04,0.18
2/26/04,0.18
2/27/04,0.18
3/1/04,0.17
3/2/04,0.17
3/3/04,0.17
3/4/04,0.18
3/5/04,0.19
3/8/04,0.16
3/9/04,0.17
3/10/04,0.17
3/11/04,0.16
3/12/04,0.17
3/15/04,0.16
3/16/04,0.17
3/17/04,0.19
3/18/04,0.19
3/19/04,0.19
3/22/04,0.17
3/23/04,0.18
3/24/04,0.19
3/25/04,0.17
3/26/04,0.18
3/29/04,0.16
3/30/04,0.17
3/31/04,0.18
4/1/04,0.19
4/2/04,0.18
4/5/04,0.21
4/6/04,0.22
4/7/04,0.21
4/8/04,0.22
4/9/04,.
4/12/04,.
4/13/04,0.21
4/14/04,0.2
4/15/04,0.22
4/16/04,0.23
4/19/04,0.2
4/20/04,0.19
4/21/04,0.19
4/22/04,0.22
4/23/04,0.21
4/26/04,0.19
4/27/04,0.2
4/28/04,0.21
4/29/04,0.23
4/30/04,0.22
5/3/04,.
5/4/04,0.19
5/5/04,0.21
5/6/04,0.2
5/7/04,0.14
5/10/04,0.17
5/11/04,0.2
5/12/04,0.22
5/13/04,0.27
5/14/04,0.29
5/17/04,0.21
5/18/04,0.22
5/19/04,0.25
5/20/04,0.27
5/21/04,0.27
5/24/04,0.23
5/25/04,0.23
5/26/04,0.24
5/27/04,0.27
5/28/04,0.25
5/31/04,.
6/1/04,0.18
6/2/04,0.19
6/3/04,0.21
6/4/04,0.19
6/7/04,0.17
6/8/04,0.16
6/9/04,0.18
6/10/04,0.2
6/11/04,.
6/14/04,0.14
6/15/04,0.24
6/16/04,0.25
6/17/04,0.3
6/18/04,0.29
6/21/04,0.24
6/22/04,0.26
6/23/04,0.3
6/24/04,0.33
6/25/04,0.3
6/28/04,0.23
6/29/04,0.24
6/30/04,0.3
7/1/04,0.4
7/2/04,0.33
7/5/04,.
7/6/04,0.26
7/7/04,0.3
7/8/04,0.34
7/9/04,0.34
7/12/04,0.28
7/13/04,0.28
7/14/04,0.29
7/15/04,0.3
7/16/04,0.31
7/19/04,0.3
7/20/04,0.29
7/21/04,0.32
7/22/04,0.32
7/23/04,0.31
7/26/04,0.23
7/27/04,0.23
7/28/04,0.25
7/29/04,0.27
7/30/04,0.28
8/2/04,0.21
8/3/04,0.24
8/4/04,0.24
8/5/04,0.26
8/6/04,0.3
8/9/04,0.18
8/10/04,0.19
8/11/04,0.29
8/12/04,0.3
8/13/04,0.31
8/16/04,0.25
8/17/04,0.28
8/18/04,0.27
8/19/04,0.29
8/20/04,0.28
8/23/04,0.23
8/24/04,0.24
8/25/04,0.25
8/26/04,0.26
8/27/04,0.26
8/30/04,.
8/31/04,0.23
9/1/04,0.25
9/2/04,0.24
9/3/04,0.2
9/6/04,.
9/7/04,0.22
9/8/04,0.24
9/9/04,0.26
9/10/04,0.24
9/13/04,0.24
9/14/04,0.24
9/15/04,0.25
9/16/04,0.27
9/17/04,0.23
9/20/04,0.22
9/21/04,0.24
9/22/04,0.26
9/23/04,0.26
9/24/04,0.26
9/27/04,0.25
9/28/04,0.29
9/29/04,0.32
9/30/04,0.34
10/1/04,0.36
10/4/04,0.34
10/5/04,0.36
10/6/04,0.36
10/7/04,0.39
10/8/04,0.39
10/11/04,.
10/12/04,0.37
10/13/04,0.38
10/14/04,0.36
10/15/04,0.35
10/18/04,0.3
10/19/04,0.29
10/20/04,0.3
10/21/04,0.29
10/22/04,0.3
10/25/04,0.24
10/26/04,0.26
10/27/04,0.25
10/28/04,0.29
10/29/04,0.3
11/1/04,0.22
11/2/04,0.25
11/3/04,0.28
11/4/04,0.27
11/5/04,0.23
11/8/04,0.22
11/9/04,0.23
11/10/04,0.24
11/11/04,.
11/12/04,0.25
11/15/04,0.21
11/16/04,0.21
11/17/04,0.24
11/18/04,0.25
11/19/04,0.25
11/22/04,0.2
11/23/04,0.25
11/24/04,0.24
11/25/04,.
11/26/04,0.24
11/29/04,0.2
11/30/04,0.21
12/1/04,0.24
12/2/04,0.26
12/3/04,0.27
12/6/04,0.22
12/7/04,0.24
12/8/04,0.26
12/9/04,0.27
12/10/04,0.27
12/13/04,0.28
12/14/04,0.32
12/15/04,0.33
12/16/04,0.35
12/17/04,0.36
12/20/04,0.33
12/21/04,0.36
12/22/04,0.38
12/23/04,0.4
12/24/04,.
12/27/04,.
12/28/04,.
12/29/04,0.37
12/30/04,0.38
12/31/04,0.38
1/3/05,.
1/4/05,0.27
1/5/05,0.3
1/6/05,0.34
1/7/05,0.32
1/10/05,0.29
1/11/05,0.32
1/12/05,0.34
1/13/05,0.35
1/14/05,0.34
1/17/05,.
1/18/05,0.31
1/19/05,0.35
1/20/05,0.38
1/21/05,0.39
1/24/05,0.36
1/25/05,0.34
1/26/05,0.34
1/27/05,0.33
1/28/05,0.33
1/31/05,0.27
2/1/05,0.28
2/2/05,0.28
2/3/05,0.33
2/4/05,0.34
2/7/05,0.29
2/8/05,0.29
2/9/05,0.3
2/10/05,0.32
2/11/05,0.29
2/14/05,0.25
2/15/05,0.26
2/16/05,0.29
2/17/05,0.32
2/18/05,0.29
2/21/05,.
2/22/05,0.24
2/23/05,0.24
2/24/05,0.25
2/25/05,0.22
2/28/05,0.2
3/1/05,0.23
3/2/05,0.26
3/3/05,0.25
3/4/05,0.26
3/7/05,0.25
3/8/05,0.27
3/9/05,0.28
3/10/05,0.31
3/11/05,0.31
3/14/05,0.27
3/15/05,0.28
3/16/05,0.3
3/17/05,0.32
3/18/05,0.3
3/21/05,0.25
3/22/05,0.23
3/23/05,0.32
3/24/05,0.31
3/25/05,.
3/28/05,.
3/29/05,0.31
3/30/05,0.33
3/31/05,0.39
4/1/05,0.38
4/4/05,0.37
4/5/05,0.38
4/6/05,0.41
4/7/05,0.42
4/8/05,0.4
4/11/05,0.43
4/12/05,0.43
4/13/05,0.42
4/14/05,0.43
4/15/05,0.42
4/18/05,0.29
4/19/05,0.3
4/20/05,0.34
4/21/05,0.34
4/22/05,0.3
4/25/05,0.3
4/26/05,0.33
4/27/05,0.36
4/28/05,0.39
4/29/05,0.37
5/2/05,.
5/3/05,0.37
5/4/05,0.41
5/5/05,0.48
5/6/05,0.43
5/9/05,0.39
5/10/05,0.41
5/11/05,0.45
5/12/05,0.45
5/13/05,0.51
5/16/05,0.43
5/17/05,0.45
5/18/05,0.48
5/19/05,0.47
5/20/05,0.46
5/23/05,0.38
5/24/05,0.42
5/25/05,0.42
5/26/05,0.44
5/27/05,0.43
5/30/05,.
5/31/05,0.41
6/1/05,0.44
6/2/05,0.44
6/3/05,0.42
6/6/05,0.41
6/7/05,0.41
6/8/05,0.42
6/9/05,0.46
6/10/05,0.46
6/13/05,0.44
6/14/05,0.46
6/15/05,0.48
6/16/05,0.52
6/17/05,0.52
6/20/05,0.48
6/21/05,0.49
6/22/05,0.49
6/23/05,0.47
6/24/05,0.46
6/27/05,0.39
6/28/05,0.41
6/29/05,0.44
6/30/05,0.46
7/1/05,0.43
7/4/05,.
7/5/05,0.4
7/6/05,0.44
7/7/05,0.47
7/8/05,0.46
7/11/05,0.44
7/12/05,0.44
7/13/05,0.45
7/14/05,0.45
7/15/05,0.43
7/18/05,0.39
7/19/05,0.39
7/20/05,0.41
7/21/05,0.38
7/22/05,0.36
7/25/05,0.29
7/26/05,0.31
7/27/05,0.35
7/28/05,0.36
7/29/05,0.36
8/1/05,0.3
8/2/05,0.31
8/3/05,0.35
8/4/05,0.36
8/5/05,0.31
8/8/05,0.29
8/9/05,0.34
8/10/05,0.35
8/11/05,0.36
8/12/05,0.35
8/15/05,0.33
8/16/05,0.34
8/17/05,0.37
8/18/05,0.4
8/19/05,0.38
8/22/05,0.37
8/23/05,0.38
8/24/05,0.39
8/25/05,0.4
8/26/05,0.39
8/29/05,.
8/30/05,0.41
8/31/05,0.43
9/1/05,0.46
9/2/05,0.38
9/5/05,.
9/6/05,0.34
9/7/05,0.39
9/8/05,0.43
9/9/05,0.44
9/12/05,0.42
9/13/05,0.47
9/14/05,0.52
9/15/05,0.52
9/16/05,0.47
9/19/05,0.41
9/20/05,0.38
9/21/05,0.62
9/22/05,0.57
9/23/05,0.57
9/26/05,0.54
9/27/05,0.59
9/28/05,0.63
9/29/05,0.59
9/30/05,0.6
10/3/05,0.54
10/4/05,0.54
10/5/05,0.6
10/6/05,0.59
10/7/05,0.58
10/10/05,.
10/11/05,0.48
10/12/05,0.52
10/13/05,0.49
10/14/05,0.47
10/17/05,0.39
10/18/05,0.4
10/19/05,0.41
10/20/05,0.43
10/21/05,0.43
10/24/05,0.37
10/25/05,0.38
10/26/05,0.42
10/27/05,0.45
10/28/05,0.42
10/31/05,0.37
11/1/05,0.39
11/2/05,0.43
11/3/05,0.44
11/4/05,0.42
11/7/05,0.43
11/8/05,0.44
11/9/05,0.43
11/10/05,0.45
11/11/05,.
11/14/05,0.41
11/15/05,0.43
11/16/05,0.46
11/17/05,0.45
11/18/05,0.46
11/21/05,0.47
11/22/05,0.55
11/23/05,0.53
11/24/05,.
11/25/05,0.54
11/28/05,0.52
11/29/05,0.52
11/30/05,0.56
12/1/05,0.56
12/2/05,0.55
12/5/05,0.5
12/6/05,0.51
12/7/05,0.52
12/8/05,0.63
12/9/05,0.63
12/12/05,0.66
12/13/05,0.66
12/14/05,0.68
12/15/05,0.66
12/16/05,0.66
12/19/05,0.61
12/20/05,0.62
12/21/05,0.6
12/22/05,0.63
12/23/05,0.62
12/26/05,.
12/27/05,.
12/28/05,0.66
12/29/05,0.61
12/30/05,0.55
1/2/06,.
1/3/06,0.47
1/4/06,0.45
1/5/06,0.45
1/6/06,0.43
1/9/06,0.42
1/10/06,0.38
1/11/06,0.38
1/12/06,0.38
1/13/06,0.37
1/16/06,.
1/17/06,0.32
1/18/06,0.35
1/19/06,0.36
1/20/06,0.37
1/23/06,0.34
1/24/06,0.33
1/25/06,0.32
1/26/06,0.32
1/27/06,0.33
1/30/06,0.3
1/31/06,0.31
2/1/06,0.32
2/2/06,0.34
2/3/06,0.34
2/6/06,0.34
2/7/06,0.33
2/8/06,0.32
2/9/06,0.33
2/10/06,0.32
2/13/06,0.3
2/14/06,0.3
2/15/06,0.31
2/16/06,0.33
2/17/06,0.34
2/20/06,.
2/21/06,0.31
2/22/06,0.32
2/23/06,0.32
2/24/06,0.32
2/27/06,0.31
2/28/06,0.31
3/1/06,0.34
3/2/06,0.34
3/3/06,0.35
3/6/06,0.37
3/7/06,0.38
3/8/06,0.41
3/9/06,0.41
3/10/06,0.4
3/13/06,0.41
3/14/06,0.44
3/15/06,0.41
3/16/06,0.43
3/17/06,0.41
3/20/06,0.39
3/21/06,0.37
3/22/06,0.38
3/23/06,0.41
3/24/06,0.42
3/27/06,0.45
3/28/06,0.43
3/29/06,0.47
3/30/06,0.49
3/31/06,0.48
4/3/06,0.45
4/4/06,0.45
4/5/06,0.46
4/6/06,0.46
4/7/06,0.46
4/10/06,0.46
4/11/06,0.47
4/12/06,0.49
4/13/06,0.5
4/14/06,.
4/17/06,.
4/18/06,0.47
4/19/06,0.46
4/20/06,0.48
4/21/06,0.47
4/24/06,0.47
4/25/06,0.44
4/26/06,0.46
4/27/06,0.49
4/28/06,0.48
5/1/06,.
5/2/06,0.46
5/3/06,0.45
5/4/06,0.48
5/5/06,0.47
5/8/06,0.41
5/9/06,0.4
5/10/06,0.4
5/11/06,0.47
5/12/06,0.45
5/15/06,0.43
5/16/06,0.46
5/17/06,0.46
5/18/06,0.48
5/19/06,0.49
5/22/06,0.5
5/23/06,0.49
5/24/06,0.51
5/25/06,0.52
5/26/06,0.51
5/29/06,.
5/30/06,0.51
5/31/06,0.5
6/1/06,0.56
6/2/06,0.58
6/5/06,0.51
6/6/06,0.53
6/7/06,0.54
6/8/06,0.56
6/9/06,0.56
6/12/06,0.51
6/13/06,0.56
6/14/06,0.57
6/15/06,0.68
6/16/06,0.66
6/19/06,0.61
6/20/06,0.64
6/21/06,0.66
6/22/06,0.67
6/23/06,0.64
6/26/06,0.58
6/27/06,0.58
6/28/06,0.62
6/29/06,0.63
6/30/06,0.61
7/3/06,0.52
7/4/06,.
7/5/06,0.61
7/6/06,0.64
7/7/06,0.62
7/10/06,0.57
7/11/06,0.58
7/12/06,0.57
7/13/06,0.59
7/14/06,0.57
7/17/06,0.51
7/18/06,0.5
7/19/06,0.54
7/20/06,0.56
7/21/06,0.53
7/24/06,0.52
7/25/06,0.49
7/26/06,0.52
7/27/06,0.52
7/28/06,0.55
7/31/06,0.5
8/1/06,0.48
8/2/06,0.5
8/3/06,0.5
8/4/06,0.54
8/7/06,0.45
8/8/06,0.48
8/9/06,0.46
8/10/06,0.48
8/11/06,0.46
8/14/06,0.43
8/15/06,0.46
8/16/06,0.47
8/17/06,0.43
8/18/06,0.43
8/21/06,0.42
8/22/06,0.43
8/23/06,0.44
8/24/06,0.44
8/25/06,0.42
8/28/06,.
8/29/06,0.46
8/30/06,0.48
8/31/06,0.48
9/1/06,0.5
9/4/06,.
9/5/06,0.52
9/6/06,0.55
9/7/06,0.55
9/8/06,0.59
9/11/06,0.58
9/12/06,0.61
9/13/06,0.6
9/14/06,0.57
9/15/06,0.56
9/18/06,0.57
9/19/06,0.57
9/20/06,0.58
9/21/06,0.6
9/22/06,0.57
9/25/06,0.61
9/26/06,0.6
9/27/06,0.61
9/28/06,0.62
9/29/06,0.6
10/2/06,0.61
10/3/06,0.59
10/4/06,0.57
10/5/06,0.56
10/6/06,0.55
10/9/06,.
10/10/06,0.5
10/11/06,0.48
10/12/06,0.44
10/13/06,0.45
10/16/06,0.41
10/17/06,0.41
10/18/06,0.41
10/19/06,0.4
10/20/06,0.42
10/23/06,0.39
10/24/06,0.38
10/25/06,0.39
10/26/06,0.39
10/27/06,0.4
10/30/06,0.4
10/31/06,0.42
11/1/06,0.43
11/2/06,0.43
11/3/06,0.41
11/6/06,0.42
11/7/06,0.43
11/8/06,0.4
11/9/06,0.42
11/10/06,0.4
11/13/06,0.41
11/14/06,0.42
11/15/06,0.41
11/16/06,0.42
11/17/06,0.42
11/20/06,0.42
11/21/06,0.43
11/22/06,0.45
11/23/06,.
11/24/06,0.46
11/27/06,0.45
11/28/06,0.46
11/29/06,0.46
11/30/06,0.47
12/1/06,0.47
12/4/06,0.47
12/5/06,0.49
12/6/06,0.49
12/7/06,0.5
12/8/06,0.52
12/11/06,0.55
12/12/06,0.55
12/13/06,0.54
12/14/06,0.53
12/15/06,0.58
12/18/06,0.53
12/19/06,0.53
12/20/06,0.53
12/21/06,0.53
12/22/06,0.5
12/25/06,.
12/26/06,.
12/27/06,0.51
12/28/06,0.49
12/29/06,0.47
1/1/07,.
1/2/07,0.42
1/3/07,0.44
1/4/07,0.45
1/5/07,0.44
1/8/07,0.41
1/9/07,0.41
1/10/07,0.4
1/11/07,0.38
1/12/07,0.4
1/15/07,.
1/16/07,0.38
1/17/07,0.37
1/18/07,0.37
1/19/07,0.35
1/22/07,0.36
1/23/07,0.35
1/24/07,0.36
1/25/07,0.35
1/26/07,0.36
1/29/07,0.35
1/30/07,0.36
1/31/07,0.37
2/1/07,0.36
2/2/07,0.35
2/5/07,0.34
2/6/07,0.35
2/7/07,0.34
2/8/07,0.33
2/9/07,0.34
2/12/07,0.32
2/13/07,0.33
2/14/07,0.34
2/15/07,0.33
2/16/07,0.32
2/19/07,.
2/20/07,0.31
2/21/07,0.32
2/22/07,0.31
2/23/07,0.31
2/26/07,0.31
2/27/07,0.37
2/28/07,0.34
3/1/07,0.35
3/2/07,0.37
3/5/07,0.36
3/6/07,0.35
3/7/07,0.37
3/8/07,0.39
3/9/07,0.38
3/12/07,0.4
3/13/07,0.41
3/14/07,0.43
3/15/07,0.44
3/16/07,0.45
3/19/07,0.42
3/20/07,0.43
3/21/07,0.44
3/22/07,0.43
3/23/07,0.41
3/26/07,0.42
3/27/07,0.42
3/28/07,0.43
3/29/07,0.44
3/30/07,0.45
4/2/07,0.44
4/3/07,0.44
4/4/07,0.43
4/5/07,0.45
4/6/07,.
4/9/07,.
4/10/07,0.47
4/11/07,0.46
4/12/07,0.47
4/13/07,0.48
4/16/07,0.48
4/17/07,0.49
4/18/07,0.5
4/19/07,0.51
4/20/07,0.51
4/23/07,0.51
4/24/07,0.52
4/25/07,0.53
4/26/07,0.54
4/27/07,0.55
4/30/07,0.57
5/1/07,0.6
5/2/07,0.59
5/3/07,0.6
5/4/07,0.6
5/7/07,.
5/8/07,0.6
5/9/07,0.62
5/10/07,0.63
5/11/07,0.63
5/14/07,0.63
5/15/07,0.66
5/16/07,0.74
5/17/07,0.68
5/18/07,0.66
5/21/07,0.6
5/22/07,0.57
5/23/07,0.59
5/24/07,0.59
5/25/07,0.61
5/28/07,.
5/29/07,0.6
5/30/07,0.65
5/31/07,0.76
6/1/07,0.7
6/4/07,0.68
6/5/07,0.66
6/6/07,0.69
6/7/07,0.69
6/8/07,0.72
6/11/07,0.76
6/12/07,0.77
6/13/07,0.83
6/14/07,0.84
6/15/07,0.93
6/18/07,0.85
6/19/07,0.84
6/20/07,0.75
6/21/07,0.79
6/22/07,0.77
6/25/07,0.67
6/26/07,0.67
6/27/07,0.72
6/28/07,0.72
6/29/07,0.68
7/2/07,0.55
7/3/07,0.55
7/4/07,.
7/5/07,0.55
7/6/07,0.55
7/9/07,0.53
7/10/07,0.55
7/11/07,0.55
7/12/07,0.53
7/13/07,0.53
7/16/07,0.52
7/17/07,0.54
7/18/07,0.54
7/19/07,0.52
7/20/07,0.53
7/23/07,0.48
7/24/07,0.48
7/25/07,0.51
7/26/07,0.58
7/27/07,0.64
7/30/07,0.54
7/31/07,0.54
8/1/07,0.61
8/2/07,0.61
8/3/07,0.64
8/6/07,0.62
8/7/07,0.56
8/8/07,0.57
8/9/07,0.83
8/10/07,1.13
8/13/07,0.95
8/14/07,1.02
8/15/07,1.42
8/16/07,1.82
8/17/07,1.85
8/20/07,2.42
8/21/07,1.98
8/22/07,1.92
8/23/07,1.72
8/24/07,1.38
8/27/07,.
8/28/07,1.23
8/29/07,1.66
8/30/07,1.84
8/31/07,1.71
9/3/07,.
9/4/07,1.35
9/5/07,1.48
9/6/07,1.54
9/7/07,1.76
9/10/07,1.84
9/11/07,1.7
9/12/07,1.77
9/13/07,1.72
9/14/07,1.75
9/17/07,1.55
9/18/07,1.68
9/19/07,1.41
9/20/07,1.52
9/21/07,1.56
9/24/07,1.44
9/25/07,1.5
9/26/07,1.56
9/27/07,1.61
9/28/07,1.51
10/1/07,1.4
10/2/07,1.38
10/3/07,1.38
10/4/07,1.39
10/5/07,1.35
10/8/07,.
10/9/07,1.29
10/10/07,1.3
10/11/07,1.23
10/12/07,1.13
10/15/07,1.02
10/16/07,1.07
10/17/07,1.29
10/18/07,1.52
10/19/07,1.4
10/22/07,1.19
10/23/07,1.2
10/24/07,1.32
10/25/07,1.17
10/26/07,1.12
10/29/07,1.05
10/30/07,1.05
10/31/07,1.05
11/1/07,1.17
11/2/07,1.35
11/5/07,1.25
11/6/07,1.24
11/7/07,1.5
11/8/07,1.59
11/9/07,1.69
11/12/07,.
11/13/07,1.46
11/14/07,1.55
11/15/07,1.68
11/16/07,1.63
11/19/07,1.66
11/20/07,1.83
11/21/07,1.99
11/22/07,.
11/23/07,1.89
11/26/07,1.99
11/27/07,1.98
11/28/07,2.1
11/29/07,2.2
11/30/07,2.05
12/3/07,2.15
12/4/07,2.15
12/5/07,2.15
12/6/07,2.13
12/7/07,2.1
12/10/07,2.15
12/11/07,2.24
12/12/07,2.25
12/13/07,2.19
12/14/07,2.16
12/17/07,1.93
12/18/07,1.95
12/19/07,2.06
12/20/07,2.03
12/21/07,1.94
12/24/07,1.58
12/25/07,.
12/26/07,.
12/27/07,1.74
12/28/07,1.63
12/31/07,1.41
1/1/08,.
1/2/08,1.5
1/3/08,1.49
1/4/08,1.5
1/7/08,1.35
1/8/08,1.34
1/9/08,1.3
1/10/08,1.22
1/11/08,1.24
1/14/08,0.94
1/15/08,0.91
1/16/08,0.89
1/17/08,0.93
1/18/08,1.1
1/21/08,.
1/22/08,1.42
1/23/08,1.17
1/24/08,0.92
1/25/08,1.06
1/28/08,0.96
1/29/08,1.01
1/30/08,1.08
1/31/08,1.19
2/1/08,1.04
2/4/08,0.92
2/5/08,1.02
2/6/08,1.08
2/7/08,0.98
2/8/08,0.91
2/11/08,0.82
2/12/08,0.82
2/13/08,0.84
2/14/08,0.81
2/15/08,0.91
2/18/08,.
2/19/08,0.84
2/20/08,0.88
2/21/08,0.94
2/22/08,0.93
2/25/08,0.94
2/26/08,1
2/27/08,1.14
2/28/08,1.22
2/29/08,1.25
3/3/08,1.34
3/4/08,1.38
3/5/08,1.5
3/6/08,1.62
3/7/08,1.52
3/10/08,1.57
3/11/08,1.42
3/12/08,1.4
3/13/08,1.47
3/14/08,1.6
3/17/08,1.49
3/18/08,1.63
3/19/08,2
3/20/08,1.99
3/21/08,.
3/24/08,.
3/25/08,1.38
3/26/08,1.4
3/27/08,1.42
3/28/08,1.39
3/31/08,1.33
4/1/08,1.3
4/2/08,1.31
4/3/08,1.35
4/4/08,1.4
4/7/08,1.28
4/8/08,1.32
4/9/08,1.43
4/10/08,1.46
4/11/08,1.54
4/14/08,1.64
4/15/08,1.63
4/16/08,1.62
4/17/08,1.61
4/18/08,1.59
4/21/08,1.59
4/22/08,1.66
4/23/08,1.68
4/24/08,1.67
4/25/08,1.6
4/28/08,1.48
4/29/08,1.43
4/30/08,1.44
5/1/08,1.36
5/2/08,1.3
5/5/08,.
5/6/08,1.16
5/7/08,1.09
5/8/08,1.09
5/9/08,1.03
5/12/08,0.94
5/13/08,0.88
5/14/08,0.93
5/15/08,0.92
5/16/08,0.88
5/19/08,0.89
5/20/08,0.83
5/21/08,0.81
5/22/08,0.81
5/23/08,0.83
5/26/08,.
5/27/08,0.78
5/28/08,0.79
5/29/08,0.81
5/30/08,0.83
6/2/08,0.86
6/3/08,0.85
6/4/08,0.86
6/5/08,0.86
6/6/08,0.89
6/9/08,0.83
6/10/08,0.81
6/11/08,0.87
6/12/08,0.82
6/13/08,0.86
6/16/08,0.77
6/17/08,0.85
6/18/08,0.91
6/19/08,0.93
6/20/08,0.97
6/23/08,0.95
6/24/08,1.01
6/25/08,1.03
6/26/08,1.1
6/27/08,1.15
6/30/08,0.91
7/1/08,0.95
7/2/08,1
7/3/08,0.98
7/4/08,.
7/7/08,0.95
7/8/08,0.96
7/9/08,1
7/10/08,1.15
7/11/08,1.21
7/14/08,1.29
7/15/08,1.42
7/16/08,1.44
7/17/08,1.39
7/18/08,1.34
7/21/08,1.34
7/22/08,1.28
7/23/08,1.24
7/24/08,1.17
7/25/08,1.08
7/28/08,1.1
7/29/08,1.11
7/30/08,1.13
7/31/08,1.14
8/1/08,1.16
8/4/08,1.08
8/5/08,1.08
8/6/08,1.19
8/7/08,1.17
8/8/08,1.13
8/11/08,0.96
8/12/08,0.97
8/13/08,0.98
8/14/08,0.96
8/15/08,1
8/18/08,1.02
8/19/08,1.04
8/20/08,1.13
8/21/08,1.12
8/22/08,1.14
8/25/08,.
8/26/08,1.13
8/27/08,1.17
8/28/08,1.1
8/29/08,1.12
9/1/08,.
9/2/08,1.12
9/3/08,1.14
9/4/08,1.16
9/5/08,1.16
9/8/08,1.13
9/9/08,1.19
9/10/08,1.2
9/11/08,1.24
9/12/08,1.36
9/15/08,1.79
9/16/08,2.04
9/17/08,3.03
9/18/08,2.97
9/19/08,2.24
9/22/08,1.91
9/23/08,2.4
9/24/08,2.98
9/25/08,3.02
9/26/08,2.9
9/29/08,2.92
9/30/08,3.15
10/1/08,3.31
10/2/08,3.59
10/3/08,3.83
10/6/08,3.75
10/7/08,3.51
10/8/08,3.85
10/9/08,4.17
10/10/08,4.58
10/13/08,.
10/14/08,4.3
10/15/08,4.33
10/16/08,4.05
10/17/08,3.62
10/20/08,2.82
10/21/08,2.74
10/22/08,2.51
10/23/08,2.58
10/24/08,2.66
10/27/08,2.67
10/28/08,2.7
10/29/08,2.81
10/30/08,2.79
10/31/08,2.59
11/3/08,2.37
11/4/08,2.23
11/5/08,2.12
11/6/08,2.08
11/7/08,1.99
11/10/08,1.94
11/11/08,.
11/12/08,1.95
11/13/08,1.94
11/14/08,2.1
11/17/08,2.12
11/18/08,2.1
11/19/08,2.1
11/20/08,2.12
11/21/08,2.14
11/24/08,2.04
11/25/08,2.1
11/26/08,2.13
11/27/08,.
11/28/08,2.21
12/1/08,2.15
12/2/08,2.15
12/3/08,2.18
12/4/08,2.17
12/5/08,2.17
12/8/08,2.16
12/9/08,2.13
12/10/08,2.1
12/11/08,1.99
12/12/08,1.9
12/15/08,1.83
12/16/08,1.81
12/17/08,1.53
12/18/08,1.52
12/19/08,1.48
12/22/08,1.46
12/23/08,1.45
12/24/08,1.47
12/25/08,.
12/26/08,.
12/29/08,1.4
12/30/08,1.34
12/31/08,1.32
1/1/09,.
1/2/09,1.33
1/5/09,1.28
1/6/09,1.27
1/7/09,1.29
1/8/09,1.26
1/9/09,1.19
1/12/09,1.04
1/13/09,0.98
1/14/09,0.96
1/15/09,0.98
1/16/09,1.02
1/19/09,.
1/20/09,0.99
1/21/09,1.01
1/22/09,1.06
1/23/09,1.06
1/26/09,1.03
1/27/09,1.05
1/28/09,0.98
1/29/09,0.94
1/30/09,0.94
2/2/09,0.96
2/3/09,0.91
2/4/09,0.94
2/5/09,0.95
2/6/09,0.96
2/9/09,0.91
2/10/09,0.91
2/11/09,0.93
2/12/09,0.94
2/13/09,0.95
2/16/09,.
2/17/09,0.93
2/18/09,0.94
2/19/09,0.95
2/20/09,0.98
2/23/09,0.95
2/24/09,0.93
2/25/09,0.96
2/26/09,0.99
2/27/09,1
3/2/09,0.99
3/3/09,1
3/4/09,1.02
3/5/09,1.08
3/6/09,1.09
3/9/09,1.08
3/10/09,1.09
3/11/09,1.1
3/12/09,1.11
3/13/09,1.13
3/16/09,1.07
3/17/09,1.06
3/18/09,1.08
3/19/09,1.03
3/20/09,1.01
3/23/09,1
3/24/09,1.02
3/25/09,1.04
3/26/09,1.08
3/27/09,1.09
3/30/09,1.03
3/31/09,0.98
4/1/09,0.96
4/2/09,0.95
4/3/09,0.95
4/6/09,0.96
4/7/09,0.95
4/8/09,0.96
4/9/09,0.95
4/10/09,.
4/13/09,.
4/14/09,0.95
4/15/09,0.96
4/16/09,0.98
4/17/09,0.96
4/20/09,0.96
4/21/09,0.95
4/22/09,0.96
4/23/09,0.99
4/24/09,0.97
4/27/09,0.92
4/28/09,0.91
4/29/09,0.92
4/30/09,0.88
5/1/09,0.86
5/4/09,.
5/5/09,0.8
5/6/09,0.78
5/7/09,0.78
5/8/09,0.76
5/11/09,0.73
5/12/09,0.72
5/13/09,0.71
5/14/09,0.69
5/15/09,0.66
5/18/09,0.6
5/19/09,0.57
5/20/09,0.54
5/21/09,0.47
5/22/09,0.48
5/25/09,.
5/26/09,0.48
5/27/09,0.5
5/28/09,0.52
5/29/09,0.52
6/1/09,0.52
6/2/09,0.51
6/3/09,0.5
6/4/09,0.49
6/5/09,0.44
6/8/09,0.46
6/9/09,0.46
6/10/09,0.46
6/11/09,0.44
6/12/09,0.44
6/15/09,0.44
6/16/09,0.44
6/17/09,0.44
6/18/09,0.43
6/19/09,0.43
6/22/09,0.41
6/23/09,0.41
6/24/09,0.41
6/25/09,0.42
6/26/09,0.41
6/29/09,0.4
6/30/09,0.4
7/1/09,0.42
7/2/09,0.41
7/3/09,.
7/6/09,0.36
7/7/09,0.35
7/8/09,0.34
7/9/09,0.32
7/10/09,0.32
7/13/09,0.33
7/14/09,0.33
7/15/09,0.33
7/16/09,0.32
7/17/09,0.33
7/20/09,0.32
7/21/09,0.31
7/22/09,0.31
7/23/09,0.31
7/24/09,0.32
7/27/09,0.31
7/28/09,0.3
7/29/09,0.3
7/30/09,0.3
7/31/09,0.3
8/3/09,0.28
8/4/09,0.29
8/5/09,0.29
8/6/09,0.29
8/7/09,0.28
8/10/09,0.27
8/11/09,0.27
8/12/09,0.28
8/13/09,0.27
8/14/09,0.25
8/17/09,0.25
8/18/09,0.24
8/19/09,0.25
8/20/09,0.24
8/21/09,0.22
8/24/09,0.22
8/25/09,0.21
8/26/09,0.22
8/27/09,0.21
8/28/09,0.2
8/31/09,.
9/1/09,0.19
9/2/09,0.19
9/3/09,0.17
9/4/09,0.17
9/7/09,.
9/8/09,0.16
9/9/09,0.16
9/10/09,0.16
9/11/09,0.16
9/14/09,0.15
9/15/09,0.16
9/16/09,0.19
9/17/09,0.19
9/18/09,0.21
9/21/09,0.18
9/22/09,0.18
9/23/09,0.18
9/24/09,0.18
9/25/09,0.18
9/28/09,0.17
9/29/09,0.16
9/30/09,0.15
10/1/09,0.18
10/2/09,0.18
10/5/09,0.2
10/6/09,0.2
10/7/09,0.19
10/8/09,0.22
10/9/09,0.21
10/12/09,.
10/13/09,0.21
10/14/09,0.21
10/15/09,0.21
10/16/09,0.21
10/19/09,0.2
10/20/09,0.2
10/21/09,0.21
10/22/09,0.22
10/23/09,0.21
10/26/09,0.2
10/27/09,0.2
10/28/09,0.21
10/29/09,0.22
10/30/09,0.23
11/2/09,0.22
11/3/09,0.22
11/4/09,0.23
11/5/09,0.24
11/6/09,0.21
11/9/09,0.2
11/10/09,0.2
11/11/09,.
11/12/09,0.2
11/13/09,0.21
11/16/09,0.2
11/17/09,0.21
11/18/09,0.23
11/19/09,0.25
11/20/09,0.24
11/23/09,0.21
11/24/09,0.21
11/25/09,0.21
11/26/09,.
11/27/09,0.23
11/30/09,0.2
12/1/09,0.2
12/2/09,0.2
12/3/09,0.2
12/4/09,0.2
12/7/09,0.22
12/8/09,0.23
12/9/09,0.23
12/10/09,0.23
12/11/09,0.22
12/14/09,0.21
12/15/09,0.2
12/16/09,0.21
12/17/09,0.21
12/18/09,0.2
12/21/09,0.17
12/22/09,0.17
12/23/09,0.18
12/24/09,0.2
12/25/09,.
12/28/09,.
12/29/09,0.15
12/30/09,0.2
12/31/09,0.19
1/1/10,.
1/4/10,0.17
1/5/10,0.18
1/6/10,0.19
1/7/10,0.2
1/8/10,0.2
1/11/10,0.21
1/12/10,0.2
1/13/10,0.19
1/14/10,0.2
1/15/10,0.19
1/18/10,.
1/19/10,0.19
1/20/10,0.2
1/21/10,0.19
1/22/10,0.19
1/25/10,0.19
1/26/10,0.18
1/27/10,0.17
1/28/10,0.17
1/29/10,0.17
2/1/10,0.15
2/2/10,0.15
2/3/10,0.15
2/4/10,0.16
2/5/10,0.15
2/8/10,0.13
2/9/10,0.13
2/10/10,0.14
2/11/10,0.14
2/12/10,0.15
2/15/10,.
2/16/10,0.15
2/17/10,0.15
2/18/10,0.15
2/19/10,0.14
2/22/10,0.14
2/23/10,0.13
2/24/10,0.13
2/25/10,0.12
2/26/10,0.12
3/1/10,0.12
3/2/10,0.11
3/3/10,0.11
3/4/10,0.11
3/5/10,0.1
3/8/10,0.09
3/9/10,0.1
3/10/10,0.11
3/11/10,0.1
3/12/10,0.11
3/15/10,0.09
3/16/10,0.1
3/17/10,0.12
3/18/10,0.11
3/19/10,0.12
3/22/10,0.13
3/23/10,0.14
3/24/10,0.14
3/25/10,0.15
3/26/10,0.15
3/29/10,0.14
3/30/10,0.13
3/31/10,0.13
4/1/10,0.13
4/2/10,.
4/5/10,.
4/6/10,0.12
4/7/10,0.13
4/8/10,0.12
4/9/10,0.14
4/12/10,0.14
4/13/10,0.14
4/14/10,0.14
4/15/10,0.14
4/16/10,0.15
4/19/10,0.15
4/20/10,0.15
4/21/10,0.16
4/22/10,0.16
4/23/10,0.16
4/26/10,0.16
4/27/10,0.17
4/28/10,0.18
4/29/10,0.17
4/30/10,0.19
5/3/10,.
5/4/10,0.19
5/5/10,0.21
5/6/10,0.26
5/7/10,0.3
5/10/10,0.26
5/11/10,0.26
5/12/10,0.27
5/13/10,0.28
5/14/10,0.29
5/17/10,0.3
5/18/10,0.29
5/19/10,0.31
5/20/10,0.31
5/21/10,0.33
5/24/10,0.34
5/25/10,0.37
5/26/10,0.37
5/27/10,0.37
5/28/10,0.38
5/31/10,.
6/1/10,0.38
6/2/10,0.38
6/3/10,0.4
6/4/10,0.4
6/7/10,0.42
6/8/10,0.42
6/9/10,0.44
6/10/10,0.44
6/11/10,0.46
6/14/10,0.47
6/15/10,0.45
6/16/10,0.44
6/17/10,0.45
6/18/10,0.43
6/21/10,0.42
6/22/10,0.41
6/23/10,0.41
6/24/10,0.41
6/25/10,0.4
6/28/10,0.36
6/29/10,0.38
6/30/10,0.35
7/1/10,0.36
7/2/10,0.36
7/5/10,.
7/6/10,0.36
7/7/10,0.37
7/8/10,0.38
7/9/10,0.37
7/12/10,0.37
7/13/10,0.38
7/14/10,0.38
7/15/10,0.37
7/16/10,0.37
7/19/10,0.35
7/20/10,0.35
7/21/10,0.35
7/22/10,0.34
7/23/10,0.33
7/26/10,0.33
7/27/10,0.33
7/28/10,0.32
7/29/10,0.32
7/30/10,0.3
8/2/10,0.28
8/3/10,0.27
8/4/10,0.26
8/5/10,0.27
8/6/10,0.26
8/9/10,0.25
8/10/10,0.25
8/11/10,0.23
8/12/10,0.22
8/13/10,0.22
8/16/10,0.2
8/17/10,0.18
8/18/10,0.19
8/19/10,0.18
8/20/10,0.18
8/23/10,0.16
8/24/10,0.15
8/25/10,0.14
8/26/10,0.14
8/27/10,0.15
8/30/10,.
8/31/10,0.16
9/1/10,0.17
9/2/10,0.15
9/3/10,0.15
9/6/10,.
9/7/10,0.15
9/8/10,0.15
9/9/10,0.15
9/10/10,0.15
9/13/10,0.14
9/14/10,0.14
9/15/10,0.14
9/16/10,0.13
9/17/10,0.13
9/20/10,0.12
9/21/10,0.12
9/22/10,0.13
9/23/10,0.13
9/24/10,0.14
9/27/10,0.13
9/28/10,0.13
9/29/10,0.13
9/30/10,0.13
10/1/10,0.13
10/4/10,0.16
10/5/10,0.17
10/6/10,0.16
10/7/10,0.16
10/8/10,0.17
10/11/10,.
10/12/10,0.16
10/13/10,0.16
10/14/10,0.15
10/15/10,0.15
10/18/10,0.14
10/19/10,0.15
10/20/10,0.15
10/21/10,0.16
10/22/10,0.16
10/25/10,0.15
10/26/10,0.15
10/27/10,0.15
10/28/10,0.16
10/29/10,0.17
11/1/10,0.16
11/2/10,0.16
11/3/10,0.16
11/4/10,0.16
11/5/10,0.16
11/8/10,0.16
11/9/10,0.16
11/10/10,0.16
11/11/10,.
11/12/10,0.15
11/15/10,0.14
11/16/10,0.13
11/17/10,0.14
11/18/10,0.13
11/19/10,0.14
11/22/10,0.13
11/23/10,0.13
11/24/10,0.13
11/25/10,.
11/26/10,0.13
11/29/10,0.12
11/30/10,0.13
12/1/10,0.14
12/2/10,0.14
12/3/10,0.16
12/6/10,0.15
12/7/10,0.16
12/8/10,0.15
12/9/10,0.16
12/10/10,0.17
12/13/10,0.15
12/14/10,0.15
12/15/10,0.16
12/16/10,0.17
12/17/10,0.19
12/20/10,0.16
12/21/10,0.16
12/22/10,0.16
12/23/10,0.16
12/24/10,.
12/27/10,.
12/28/10,.
12/29/10,0.17
12/30/10,0.18
12/31/10,0.18
1/3/11,.
1/4/11,0.16
1/5/11,0.16
1/6/11,0.15
1/7/11,0.16
1/10/11,0.15
1/11/11,0.15
1/12/11,0.15
1/13/11,0.15
1/14/11,0.15
1/17/11,.
1/18/11,0.14
1/19/11,0.14
1/20/11,0.14
1/21/11,0.14
1/24/11,0.14
1/25/11,0.14
1/26/11,0.14
1/27/11,0.15
1/28/11,0.15
1/31/11,0.15
2/1/11,0.16
2/2/11,0.15
2/3/11,0.17
2/4/11,0.16
2/7/11,0.15
2/8/11,0.16
2/9/11,0.17
2/10/11,0.19
2/11/11,0.19
2/14/11,0.18
2/15/11,0.18
2/16/11,0.19
2/17/11,0.22
2/18/11,0.21
2/21/11,.
2/22/11,0.19
2/23/11,0.19
2/24/11,0.18
2/25/11,0.18
2/28/11,0.16
3/1/11,0.17
3/2/11,0.18
3/3/11,0.18
3/4/11,0.19
3/7/11,0.2
3/8/11,0.2
3/9/11,0.21
3/10/11,0.23
3/11/11,0.23
3/14/11,0.22
3/15/11,0.21
3/16/11,0.21
3/17/11,0.23
3/18/11,0.24
3/21/11,0.21
3/22/11,0.21
3/23/11,0.22
3/24/11,0.22
3/25/11,0.22
3/28/11,0.2
3/29/11,0.21
3/30/11,0.2
3/31/11,0.21
4/1/11,0.23
4/4/11,0.24
4/5/11,0.22
4/6/11,0.23
4/7/11,0.25
4/8/11,0.25
4/11/11,0.23
4/12/11,0.23
4/13/11,0.22
4/14/11,0.21
4/15/11,0.2
4/18/11,0.2
4/19/11,0.21
4/20/11,0.21
4/21/11,0.21
4/22/11,.
4/25/11,.
4/26/11,0.2
4/27/11,0.21
4/28/11,0.23
4/29/11,.
5/2/11,.
5/3/11,0.24
5/4/11,0.24
5/5/11,0.25
5/6/11,0.25
5/9/11,0.24
5/10/11,0.23
5/11/11,0.23
5/12/11,0.24
5/13/11,0.23
5/16/11,0.22
5/17/11,0.22
5/18/11,0.21
5/19/11,0.21
5/20/11,0.21
5/23/11,0.2
5/24/11,0.2
5/25/11,0.19
5/26/11,0.2
5/27/11,0.2
5/30/11,.
5/31/11,0.19
6/1/11,0.2
6/2/11,0.21
6/3/11,0.21
6/6/11,0.2
6/7/11,0.2
6/8/11,0.21
6/9/11,0.2
6/10/11,0.2
6/13/11,0.2
6/14/11,0.2
6/15/11,0.2
6/16/11,0.2
6/17/11,0.21
6/20/11,0.22
6/21/11,0.22
6/22/11,0.23
6/23/11,0.24
6/24/11,0.23
6/27/11,0.23
6/28/11,0.22
6/29/11,0.23
6/30/11,0.22
7/1/11,0.23
7/4/11,.
7/5/11,0.23
7/6/11,0.24
7/7/11,0.22
7/8/11,0.22
7/11/11,0.22
7/12/11,0.22
7/13/11,0.24
7/14/11,0.24
7/15/11,0.23
7/18/11,0.23
7/19/11,0.22
7/20/11,0.23
7/21/11,0.2
7/22/11,0.2
7/25/11,0.2
7/26/11,0.18
7/27/11,0.17
7/28/11,0.18
7/29/11,0.16
8/1/11,0.16
8/2/11,0.2
8/3/11,0.25
8/4/11,0.25
8/5/11,0.26
8/8/11,0.22
8/9/11,0.25
8/10/11,0.26
8/11/11,0.26
8/12/11,0.27
8/15/11,0.27
8/16/11,0.26
8/17/11,0.29
8/18/11,0.29
8/19/11,0.28
8/22/11,0.3
8/23/11,0.3
8/24/11,0.29
8/25/11,0.31
8/26/11,0.31
8/29/11,.
8/30/11,0.32
8/31/11,0.31
9/1/11,0.31
9/2/11,0.31
9/5/11,.
9/6/11,0.32
9/7/11,0.32
9/8/11,0.32
9/9/11,0.33
9/12/11,0.33
9/13/11,0.34
9/14/11,0.34
9/15/11,0.34
9/16/11,0.34
9/19/11,0.34
9/20/11,0.34
9/21/11,0.35
9/22/11,0.36
9/23/11,0.35
9/26/11,0.34
9/27/11,0.36
9/28/11,0.35
9/29/11,0.35
9/30/11,0.35
10/3/11,0.36
10/4/11,0.37
10/5/11,0.38
10/6/11,0.38
10/7/11,0.38
10/10/11,.
10/11/11,0.38
10/12/11,0.38
10/13/11,0.38
10/14/11,0.38
10/17/11,0.37
10/18/11,0.37
10/19/11,0.38
10/20/11,0.39
10/21/11,0.4
10/24/11,0.4
10/25/11,0.41
10/26/11,0.4
10/27/11,0.41
10/28/11,0.42
10/31/11,0.42
11/1/11,0.42
11/2/11,0.42
11/3/11,0.42
11/4/11,0.43
11/7/11,0.43
11/8/11,0.43
11/9/11,0.44
11/10/11,0.44
11/11/11,.
11/14/11,0.45
11/15/11,0.46
11/16/11,0.46
11/17/11,0.46
11/18/11,0.48
11/21/11,0.48
11/22/11,0.48
11/23/11,0.49
11/24/11,.
11/25/11,0.5
11/28/11,0.49
11/29/11,0.51
11/30/11,0.52
12/1/11,0.52
12/2/11,0.51
12/5/11,0.52
12/6/11,0.53
12/7/11,0.52
12/8/11,0.53
12/9/11,0.53
12/12/11,0.53
12/13/11,0.54
12/14/11,0.55
12/15/11,0.56
12/16/11,0.56
12/19/11,0.56
12/20/11,0.56
12/21/11,0.56
12/22/11,0.56
12/23/11,0.57
12/26/11,.
12/27/11,.
12/28/11,0.57
12/29/11,0.56
12/30/11,0.56
1/2/12,.
1/3/12,0.56
1/4/12,0.56
1/5/12,0.56
1/6/12,0.56
1/9/12,0.57
1/10/12,0.56
1/11/12,0.56
1/12/12,0.54
1/13/12,0.54
1/16/12,.
1/17/12,0.53
1/18/12,0.53
1/19/12,0.51
1/20/12,0.51
1/23/12,0.52
1/24/12,0.52
1/25/12,0.52
1/26/12,0.5
1/27/12,0.49
1/30/12,0.5
1/31/12,0.48
2/1/12,0.48
2/2/12,0.45
2/3/12,0.45
2/6/12,0.44
2/7/12,0.44
2/8/12,0.42
2/9/12,0.42
2/10/12,0.42
2/13/12,0.39
2/14/12,0.38
2/15/12,0.39
2/16/12,0.39
2/17/12,0.4
2/20/12,.
2/21/12,0.41
2/22/12,0.4
2/23/12,0.4
2/24/12,0.39
2/27/12,0.37
2/28/12,0.39
2/29/12,0.4
3/1/12,0.4
3/2/12,0.41
3/5/12,0.39
3/6/12,0.39
3/7/12,0.39
3/8/12,0.39
3/9/12,0.38
3/12/12,0.38
3/13/12,0.39
3/14/12,0.38
3/15/12,0.39
3/16/12,0.38
3/19/12,0.37
3/20/12,0.37
3/21/12,0.38
3/22/12,0.39
3/23/12,0.39
3/26/12,0.38
3/27/12,0.38
3/28/12,0.38
3/29/12,0.4
3/30/12,0.4
4/2/12,0.39
4/3/12,0.39
4/4/12,0.39
4/5/12,0.39
4/6/12,.
4/9/12,.
4/10/12,0.38
4/11/12,0.38
4/12/12,0.38
4/13/12,0.38
4/16/12,0.39
4/17/12,0.39
4/18/12,0.4
4/19/12,0.4
4/20/12,0.39
4/23/12,0.39
4/24/12,0.38
4/25/12,0.38
4/26/12,0.38
4/27/12,0.38
4/30/12,0.37
5/1/12,0.38
5/2/12,0.39
5/3/12,0.38
5/4/12,0.4
5/7/12,.
5/8/12,0.38
5/9/12,0.38
5/10/12,0.37
5/11/12,0.37
5/14/12,0.37
5/15/12,0.38
5/16/12,0.37
5/17/12,0.37
5/18/12,0.39
5/21/12,0.38
5/22/12,0.38
5/23/12,0.38
5/24/12,0.37
5/25/12,0.38
5/28/12,.
5/29/12,0.38
5/30/12,0.4
5/31/12,0.4
6/1/12,0.4
6/4/12,.
6/5/12,.
6/6/12,0.38
6/7/12,0.38
6/8/12,0.38
6/11/12,0.38
6/12/12,0.37
6/13/12,0.37
6/14/12,0.36
6/15/12,0.38
6/18/12,0.37
6/19/12,0.38
6/20/12,0.38
6/21/12,0.38
6/22/12,0.37
6/25/12,0.36
6/26/12,0.36
6/27/12,0.37
6/28/12,0.37
6/29/12,0.37
7/2/12,0.36
7/3/12,0.37
7/4/12,.
7/5/12,0.38
7/6/12,0.38
7/9/12,0.37
7/10/12,0.37
7/11/12,0.36
7/12/12,0.36
7/13/12,0.36
7/16/12,0.36
7/17/12,0.36
7/18/12,0.37
7/19/12,0.36
7/20/12,0.36
7/23/12,0.35
7/24/12,0.35
7/25/12,0.35
7/26/12,0.34
7/27/12,0.34
7/30/12,0.33
7/31/12,0.33
8/1/12,0.34
8/2/12,0.35
8/3/12,0.35
8/6/12,0.34
8/7/12,0.33
8/8/12,0.33
8/9/12,0.33
8/10/12,0.34
8/13/12,0.32
8/14/12,0.33
8/15/12,0.34
8/16/12,0.34
8/17/12,0.34
8/20/12,0.32
8/21/12,0.32
8/22/12,0.32
8/23/12,0.32
8/24/12,0.32
8/27/12,.
8/28/12,0.32
8/29/12,0.3
8/30/12,0.32
8/31/12,0.33
9/3/12,.
9/4/12,0.31
9/5/12,0.3
9/6/12,0.3
9/7/12,0.3
9/10/12,0.3
9/11/12,0.3
9/12/12,0.29
9/13/12,0.29
9/14/12,0.28
9/17/12,0.27
9/18/12,0.28
9/19/12,0.27
9/20/12,0.26
9/21/12,0.26
9/24/12,0.26
9/25/12,0.25
9/26/12,0.25
9/27/12,0.27
9/28/12,0.26
10/1/12,0.27
10/2/12,0.26
10/3/12,0.26
10/4/12,0.25
10/5/12,0.24
10/8/12,.
10/9/12,0.25
10/10/12,0.24
10/11/12,0.24
10/12/12,0.22
10/15/12,0.22
10/16/12,0.23
10/17/12,0.21
10/18/12,0.22
10/19/12,0.22
10/22/12,0.22
10/23/12,0.21
10/24/12,0.2
10/25/12,0.2
10/26/12,0.19
10/29/12,0.17
10/30/12,.
10/31/12,0.2
11/1/12,0.22
11/2/12,0.22
11/5/12,0.2
11/6/12,0.21
11/7/12,0.21
11/8/12,0.21
11/9/12,0.22
11/12/12,.
11/13/12,0.2
11/14/12,0.21
11/15/12,0.23
11/16/12,0.25
11/19/12,0.22
11/20/12,0.23
11/21/12,0.21
11/22/12,.
11/23/12,0.21
11/26/12,0.21
11/27/12,0.21
11/28/12,0.21
11/29/12,0.22
11/30/12,0.23
12/3/12,0.21
12/4/12,0.21
12/5/12,0.21
12/6/12,0.21
12/7/12,0.22
12/10/12,0.22
12/11/12,0.23
12/12/12,0.24
12/13/12,0.25
12/14/12,0.27
12/17/12,0.26
12/18/12,0.25
12/19/12,0.26
12/20/12,0.25
12/21/12,0.25
12/24/12,0.25
12/25/12,.
12/26/12,.
12/27/12,0.23
12/28/12,0.3
12/31/12,0.26
1/1/13,.
1/2/13,0.22
1/3/13,0.22
1/4/13,0.24
1/7/13,0.24
1/8/13,0.24
1/9/13,0.24
1/10/13,0.24
1/11/13,0.23
1/14/13,0.22
1/15/13,0.21
1/16/13,0.22
1/17/13,0.23
1/18/13,0.22
1/21/13,.
1/22/13,0.22
1/23/13,0.22
1/24/13,0.22
1/25/13,0.22
1/28/13,0.23
1/29/13,0.23
1/30/13,0.23
1/31/13,0.23
2/1/13,0.24
2/4/13,0.23
2/5/13,0.23
2/6/13,0.22
2/7/13,0.22
2/8/13,0.22
2/11/13,0.2
2/12/13,0.2
2/13/13,0.19
2/14/13,0.18
2/15/13,0.19
2/18/13,.
2/19/13,0.17
2/20/13,0.17
2/21/13,0.16
2/22/13,0.16
2/25/13,0.17
2/26/13,0.15
2/27/13,0.18
2/28/13,0.18
3/1/13,0.17
3/4/13,0.17
3/5/13,0.2
3/6/13,0.18
3/7/13,0.18
3/8/13,0.18
3/11/13,0.18
3/12/13,0.18
3/13/13,0.19
3/14/13,0.18
3/15/13,0.19
3/18/13,0.21
3/19/13,0.21
3/20/13,0.21
3/21/13,0.21
3/22/13,0.21
3/25/13,0.2
3/26/13,0.21
3/27/13,0.19
3/28/13,0.21
3/29/13,.
4/1/13,.
4/2/13,0.21
4/3/13,0.22
4/4/13,0.21
4/5/13,0.21
4/8/13,0.21
4/9/13,0.22
4/10/13,0.21
4/11/13,0.21
4/12/13,0.22
4/15/13,0.22
4/16/13,0.22
4/17/13,0.22
4/18/13,0.23
4/19/13,0.23
4/22/13,0.23
4/23/13,0.23
4/24/13,0.22
4/25/13,0.23
4/26/13,0.23
4/29/13,0.22
4/30/13,0.22
5/1/13,0.21
5/2/13,0.22
5/3/13,0.23
5/6/13,.
5/7/13,0.24
5/8/13,0.24
5/9/13,0.24
5/10/13,0.24
5/13/13,0.23
5/14/13,0.22
5/15/13,0.23
5/16/13,0.24
5/17/13,0.23
5/20/13,0.22
5/21/13,0.23
5/22/13,0.23
5/23/13,0.22
5/24/13,0.23
5/27/13,.
5/28/13,0.22
5/29/13,0.23
5/30/13,0.23
5/31/13,0.24
6/3/13,0.22
6/4/13,0.23
6/5/13,0.22
6/6/13,0.22
6/7/13,0.24
6/10/13,0.22
6/11/13,0.22
6/12/13,0.22
6/13/13,0.22
6/14/13,0.22
6/17/13,0.22
6/18/13,0.22
6/19/13,0.22
6/20/13,0.22
6/21/13,0.22
6/24/13,0.22
6/25/13,0.22
6/26/13,0.22
6/27/13,0.21
6/28/13,0.23
7/1/13,0.23
7/2/13,0.24
7/3/13,0.22
7/4/13,.
7/5/13,0.23
7/8/13,0.22
7/9/13,0.23
7/10/13,0.23
7/11/13,0.23
7/12/13,0.23
7/15/13,0.23
7/16/13,0.24
7/17/13,0.24
7/18/13,0.24
7/19/13,0.23
7/22/13,0.22
7/23/13,0.25
7/24/13,0.23
7/25/13,0.24
7/26/13,0.24
7/29/13,0.24
7/30/13,0.22
7/31/13,0.23
8/1/13,0.23
8/2/13,0.23
8/5/13,0.22
8/6/13,0.23
8/7/13,0.22
8/8/13,0.21
8/9/13,0.21
8/12/13,0.2
8/13/13,0.2
8/14/13,0.21
8/15/13,0.21
8/16/13,0.21
8/19/13,0.2
8/20/13,0.22
8/21/13,0.22
8/22/13,0.23
8/23/13,0.23
8/26/13,.
8/27/13,0.21
8/28/13,0.23
8/29/13,0.24
8/30/13,0.23
9/2/13,.
9/3/13,0.24
9/4/13,0.24
9/5/13,0.24
9/6/13,0.24
9/9/13,0.24
9/10/13,0.24
9/11/13,0.23
9/12/13,0.24
9/13/13,0.24
9/16/13,0.23
9/17/13,0.24
9/18/13,0.24
9/19/13,0.24
9/20/13,0.24
9/23/13,0.23
9/24/13,0.23
9/25/13,0.23
9/26/13,0.25
9/27/13,0.23
9/30/13,0.23
10/1/13,0.23
10/2/13,0.22
10/3/13,0.21
10/4/13,0.21
10/7/13,0.21
10/8/13,0.19
10/9/13,0.2
10/10/13,0.19
10/11/13,0.16
10/14/13,.
10/15/13,0.1
10/16/13,0.15
10/17/13,0.19
10/18/13,0.2
10/21/13,0.2
10/22/13,0.2
10/23/13,0.2
10/24/13,0.21
10/25/13,0.2
10/28/13,0.2
10/29/13,0.2
10/30/13,0.2
10/31/13,0.2
11/1/13,0.2
11/4/13,0.19
11/5/13,0.19
11/6/13,0.19
11/7/13,0.19
11/8/13,0.18
11/11/13,.
11/12/13,0.16
11/13/13,0.16
11/14/13,0.16
11/15/13,0.16
11/18/13,0.15
11/19/13,0.16
11/20/13,0.16
11/21/13,0.17
11/22/13,0.17
11/25/13,0.16
11/26/13,0.17
11/27/13,0.17
11/28/13,.
11/29/13,0.18
12/2/13,0.19
12/3/13,0.18
12/4/13,0.18
12/5/13,0.18
12/6/13,0.18
12/9/13,0.17
12/10/13,0.17
12/11/13,0.17
12/12/13,0.17
12/13/13,0.17
12/16/13,0.17
12/17/13,0.17
12/18/13,0.18
12/19/13,0.19
12/20/13,0.18
12/23/13,0.18
12/24/13,0.18
12/25/13,.
12/26/13,.
12/27/13,0.18
12/30/13,0.18
12/31/13,0.18
1/1/14,.
1/2/14,0.17
1/3/14,0.17
1/6/14,0.19
1/7/14,0.2
1/8/14,0.19
1/9/14,0.2
1/10/14,0.19
1/13/14,0.21
1/14/14,0.2
1/15/14,0.2
1/16/14,0.2
1/17/14,0.19
1/20/14,.
1/21/14,0.2
1/22/14,0.2
1/23/14,0.2
1/24/14,0.2
1/27/14,0.19
1/28/14,0.19
1/29/14,0.2
1/30/14,0.22
1/31/14,0.22
2/3/14,0.19
2/4/14,0.18
2/5/14,0.17
2/6/14,0.17
2/7/14,0.15
2/10/14,0.16
2/11/14,0.19
2/12/14,0.19
2/13/14,0.21
2/14/14,0.22
2/17/14,.
2/18/14,0.18
2/19/14,0.17
2/20/14,0.19
2/21/14,0.18
2/24/14,0.18
2/25/14,0.18
2/26/14,0.18
2/27/14,0.2
2/28/14,0.19
3/3/14,0.19
3/4/14,0.19
3/5/14,0.17
3/6/14,0.19
3/7/14,0.18
3/10/14,0.18
3/11/14,0.18
3/12/14,0.18
3/13/14,0.18
3/14/14,0.18
3/17/14,0.17
3/18/14,0.18
3/19/14,0.17
3/20/14,0.17
3/21/14,0.17
3/24/14,0.18
3/25/14,0.18
3/26/14,0.18
3/27/14,0.19
3/28/14,0.19
3/31/14,0.18
4/1/14,0.19
4/2/14,0.21
4/3/14,0.21
4/4/14,0.2
4/7/14,0.2
4/8/14,0.2
4/9/14,0.19
4/10/14,0.19
4/11/14,0.19
4/14/14,0.19
4/15/14,0.19
4/16/14,0.19
4/17/14,0.2
4/18/14,.
4/21/14,.
4/22/14,0.2
4/23/14,0.21
4/24/14,0.22
4/25/14,0.2
4/28/14,0.19
4/29/14,0.21
4/30/14,0.19
5/1/14,0.19
5/2/14,0.2
5/5/14,.
5/6/14,0.19
5/7/14,0.19
5/8/14,0.19
5/9/14,0.19
5/12/14,0.2
5/13/14,0.19
5/14/14,0.2
5/15/14,0.2
5/16/14,0.2
5/19/14,0.2
5/20/14,0.2
5/21/14,0.19
5/22/14,0.2
5/23/14,0.19
5/26/14,.
5/27/14,0.19
5/28/14,0.19
5/29/14,0.19
5/30/14,0.19
6/2/14,0.19
6/3/14,0.19
6/4/14,0.19
6/5/14,0.19
6/6/14,0.19
6/9/14,0.19
6/10/14,0.19
6/11/14,0.19
6/12/14,0.19
6/13/14,0.19
6/16/14,0.19
6/17/14,0.19
6/18/14,0.2
6/19/14,0.21
6/20/14,0.21
6/23/14,0.2
6/24/14,0.2
6/25/14,0.2
6/26/14,0.19
6/27/14,0.2
6/30/14,0.19
7/1/14,0.21
7/2/14,0.21
7/3/14,0.22
7/4/14,.
7/7/14,0.19
7/8/14,0.2
7/9/14,0.2
7/10/14,0.21
7/11/14,0.21
7/14/14,0.2
7/15/14,0.21
7/16/14,0.21
7/17/14,0.21
7/18/14,0.21
7/21/14,0.2
7/22/14,0.2
7/23/14,0.2
7/24/14,0.21
7/25/14,0.2
7/28/14,0.2
7/29/14,0.22
7/30/14,0.2
7/31/14,0.21
8/1/14,0.21
8/4/14,0.2
8/5/14,0.21
8/6/14,0.2
8/7/14,0.2
8/8/14,0.21
8/11/14,0.19
8/12/14,0.2
8/13/14,0.19
8/14/14,0.19
8/15/14,0.2
8/18/14,0.2
8/19/14,0.2
8/20/14,0.19
8/21/14,0.21
8/22/14,0.21
8/25/14,.
8/26/14,0.21
8/27/14,0.19
8/28/14,0.2
8/29/14,0.2
9/1/14,.
9/2/14,0.2
9/3/14,0.2
9/4/14,0.2
9/5/14,0.2
9/8/14,0.21
9/9/14,0.21
9/10/14,0.21
9/11/14,0.21
9/12/14,0.21
9/15/14,0.21
9/16/14,0.21
9/17/14,0.21
9/18/14,0.21
9/19/14,0.21
9/22/14,0.23
9/23/14,0.22
9/24/14,0.22
9/25/14,0.22
9/26/14,0.22
9/29/14,0.22
9/30/14,0.22
10/1/14,0.21
10/2/14,0.22
10/3/14,0.22
10/6/14,0.21
10/7/14,0.21
10/8/14,0.22
10/9/14,0.22
10/10/14,0.22
10/13/14,.
10/14/14,0.21
10/15/14,0.21
10/16/14,0.2
10/17/14,0.21
10/20/14,0.21
10/21/14,0.21
10/22/14,0.21
10/23/14,0.22
10/24/14,0.22
10/27/14,0.21
10/28/14,0.21
10/29/14,0.2
10/30/14,0.22
10/31/14,0.22
11/3/14,0.21
11/4/14,0.2
11/5/14,0.2
11/6/14,0.2
11/7/14,0.2
11/10/14,0.21
11/11/14,.
11/12/14,0.21
11/13/14,0.21
11/14/14,0.21
11/17/14,0.2
11/18/14,0.21
11/19/14,0.22
11/20/14,0.21
11/21/14,0.22
11/24/14,0.21
11/25/14,0.22
11/26/14,0.22
11/27/14,.
11/28/14,0.21
12/1/14,0.2
12/2/14,0.2
12/3/14,0.22
12/4/14,0.22
12/5/14,0.22
12/8/14,0.21
12/9/14,0.2
12/10/14,0.21
12/11/14,0.21
12/12/14,0.22
12/15/14,0.2
12/16/14,0.21
12/17/14,0.22
12/18/14,0.21
12/19/14,0.21
12/22/14,0.21
12/23/14,0.22
12/24/14,0.25
12/25/14,.
12/26/14,.
12/29/14,0.23
12/30/14,0.23
12/31/14,0.22
1/1/15,.
1/2/15,0.24
1/5/15,0.22
1/6/15,0.22
1/7/15,0.22
1/8/15,0.22
1/9/15,0.23
1/12/15,0.22
1/13/15,0.22
1/14/15,0.21
1/15/15,0.22
1/16/15,0.23
1/19/15,.
1/20/15,0.23
1/21/15,0.23
1/22/15,0.23
1/23/15,0.24
1/26/15,0.23
1/27/15,0.23
1/28/15,0.23
1/29/15,0.22
1/30/15,0.23
2/2/15,0.23
2/3/15,0.24
2/4/15,0.25
2/5/15,0.24
2/6/15,0.24
2/9/15,0.25
2/10/15,0.25
2/11/15,0.25
2/12/15,0.24
2/13/15,0.25
2/16/15,.
2/17/15,0.24
2/18/15,0.24
2/19/15,0.24
2/20/15,0.24
2/23/15,0.24
2/24/15,0.24
2/25/15,0.24
2/26/15,0.23
2/27/15,0.24
3/2/15,0.24
3/3/15,0.25
3/4/15,0.25
3/5/15,0.24
3/6/15,0.25
3/9/15,0.25
3/10/15,0.25
3/11/15,0.24
3/12/15,0.24
3/13/15,0.24
3/16/15,0.22
3/17/15,0.22
3/18/15,0.24
3/19/15,0.23
3/20/15,0.26
3/23/15,0.24
3/24/15,0.25
3/25/15,0.23
3/26/15,0.24
3/27/15,0.24
3/30/15,0.23
3/31/15,0.24
4/1/15,0.24
4/2/15,0.25
4/3/15,.
4/6/15,.
4/7/15,0.25
4/8/15,0.24
4/9/15,0.25
4/10/15,0.26
4/13/15,0.25
4/14/15,0.26
4/15/15,0.25
4/16/15,0.26
4/17/15,0.27
4/20/15,0.25
4/21/15,0.25
4/22/15,0.25
4/23/15,0.25
4/24/15,0.25
4/27/15,0.26
4/28/15,0.26
4/29/15,0.27
4/30/15,0.27
5/1/15,0.27
5/4/15,.
5/5/15,0.27
5/6/15,0.26
5/7/15,0.27
5/8/15,0.27
5/11/15,0.26
5/12/15,0.25
5/13/15,0.25
5/14/15,0.27
5/15/15,0.26
5/18/15,0.26
5/19/15,0.26
5/20/15,0.26
5/21/15,0.26
5/22/15,0.26
5/25/15,.
5/26/15,0.27
5/27/15,0.27
5/28/15,0.27
5/29/15,0.27
6/1/15,0.26
6/2/15,0.27
6/3/15,0.26
6/4/15,0.26
6/5/15,0.25
6/8/15,0.26
6/9/15,0.27
6/10/15,0.27
6/11/15,0.28
6/12/15,0.27
6/15/15,0.26
6/16/15,0.28
6/17/15,0.28
6/18/15,0.27
6/19/15,0.27
6/22/15,0.27
6/23/15,0.27
6/24/15,0.27
6/25/15,0.27
6/26/15,0.27
6/29/15,0.26
6/30/15,0.27
7/1/15,0.27
7/2/15,0.27
7/3/15,.
7/6/15,0.26
7/7/15,0.26
7/8/15,0.26
7/9/15,0.26
7/10/15,0.28
7/13/15,0.27
7/14/15,0.28
7/15/15,0.27
7/16/15,0.27
7/17/15,0.26
7/20/15,0.26
7/21/15,0.26
7/22/15,0.25
7/23/15,0.27
7/24/15,0.25
7/27/15,0.24
7/28/15,0.25
7/29/15,0.24
7/30/15,0.23
7/31/15,0.23
8/3/15,0.22
8/4/15,0.22
8/5/15,0.23
8/6/15,0.27
8/7/15,0.25
8/10/15,0.19
8/11/15,0.21
8/12/15,0.21
8/13/15,0.22
8/14/15,0.23
8/17/15,0.23
8/18/15,0.26
8/19/15,0.28
8/20/15,0.31
8/21/15,0.3
8/24/15,0.27
8/25/15,0.26
8/26/15,0.27
8/27/15,0.26
8/28/15,0.27
8/31/15,.
9/1/15,0.3
9/2/15,0.3
9/3/15,0.31
9/4/15,0.31
9/7/15,.
9/8/15,0.27
9/9/15,0.3
9/10/15,0.32
9/11/15,0.3
9/14/15,0.27
9/15/15,0.26
9/16/15,0.28
9/17/15,0.34
9/18/15,0.33
9/21/15,0.32
9/22/15,0.34
9/23/15,0.32
9/24/15,0.32
9/25/15,0.34
9/28/15,0.32
9/29/15,0.32
9/30/15,0.34
10/1/15,0.34
10/2/15,0.33
10/5/15,0.31
10/6/15,0.32
10/7/15,0.32
10/8/15,0.33
10/9/15,0.31
10/12/15,.
10/13/15,0.31
10/14/15,0.32
10/15/15,0.31
10/16/15,0.31
10/19/15,0.3
10/20/15,0.3
10/21/15,0.31
10/22/15,0.32
10/23/15,0.31
10/26/15,0.3
10/27/15,0.29
10/28/15,0.28
10/29/15,0.26
10/30/15,0.25
11/2/15,0.25
11/3/15,0.27
11/4/15,0.29
11/5/15,0.29
11/6/15,0.26
11/9/15,0.22
11/10/15,0.23
11/11/15,.
11/12/15,0.22
11/13/15,0.23
11/16/15,0.21
11/17/15,0.23
11/18/15,0.25
11/19/15,0.27
11/20/15,0.27
11/23/15,0.25
11/24/15,0.24
11/25/15,0.22
11/26/15,.
11/27/15,0.24
11/30/15,0.2
12/1/15,0.21
12/2/15,0.23
12/3/15,0.24
12/4/15,0.24
12/7/15,0.19
12/8/15,0.22
12/9/15,0.23
12/10/15,0.26
12/11/15,0.29
12/14/15,0.26
12/15/15,0.28
12/16/15,0.26
12/17/15,0.34
12/18/15,0.4
12/21/15,0.35
12/22/15,0.38
12/23/15,0.4
12/24/15,0.4
12/25/15,.
12/28/15,.
12/29/15,0.38
12/30/15,0.4
12/31/15,0.45
1/1/16,.
1/4/16,0.39
1/5/16,0.42
1/6/16,0.41
1/7/16,0.42
1/8/16,0.42
1/11/16,0.41
1/12/16,0.41
1/13/16,0.4
1/14/16,0.37
1/15/16,0.39
1/18/16,.
1/19/16,0.36
1/20/16,0.36
1/21/16,0.34
1/22/16,0.32
1/25/16,0.31
1/26/16,0.31
1/27/16,0.3
1/28/16,0.28
1/29/16,0.29
2/1/16,0.27
2/2/16,0.28
2/3/16,0.29
2/4/16,0.33
2/5/16,0.33
2/8/16,0.3
2/9/16,0.32
2/10/16,0.31
2/11/16,0.34
2/12/16,0.33
2/15/16,.
2/16/16,0.32
2/17/16,0.32
2/18/16,0.32
2/19/16,0.32
2/22/16,0.29
2/23/16,0.31
2/24/16,0.3
2/25/16,0.32
2/26/16,0.32
2/29/16,0.3
3/1/16,0.3
3/2/16,0.28
3/3/16,0.37
3/4/16,0.35
3/7/16,0.32
3/8/16,0.35
3/9/16,0.33
3/10/16,0.32
3/11/16,0.31
3/14/16,0.3
3/15/16,0.3
3/16/16,0.33
3/17/16,0.33
3/18/16,0.33
3/21/16,0.31
3/22/16,0.33
3/23/16,0.33
3/24/16,0.34
3/25/16,.
3/28/16,.
3/29/16,0.4
3/30/16,0.43
3/31/16,0.42
4/1/16,0.4
4/4/16,0.4
4/5/16,0.4
4/6/16,0.4
4/7/16,0.4
4/8/16,0.4
4/11/16,0.4
4/12/16,0.41
4/13/16,0.4
4/14/16,0.41
4/15/16,0.41
4/18/16,0.41
4/19/16,0.42
4/20/16,0.41
4/21/16,0.41
4/22/16,0.41
4/25/16,0.38
4/26/16,0.39
4/27/16,0.4
4/28/16,0.42
4/29/16,0.42
5/2/16,.
5/3/16,0.42
5/4/16,0.44
5/5/16,0.43
5/6/16,.
5/9/16,0.39
5/10/16,0.39
5/11/16,0.37
5/12/16,0.36
5/13/16,0.35
5/16/16,0.35
5/17/16,0.35
5/18/16,0.34
5/19/16,0.35
5/20/16,0.34
5/23/16,0.31
5/24/16,0.32
5/25/16,0.34
5/26/16,0.37
5/27/16,0.36
5/30/16,.
5/31/16,0.35
6/1/16,0.38
6/2/16,0.4
6/3/16,0.39
6/6/16,0.38
6/7/16,0.38
6/8/16,0.42
6/9/16,0.41
6/10/16,0.41
6/13/16,0.38
6/14/16,0.38
6/15/16,0.4
6/16/16,0.38
6/17/16,0.38
6/20/16,0.37
6/21/16,0.37
6/22/16,0.37
6/23/16,0.34
6/24/16,0.36
6/27/16,0.36
6/28/16,0.37
6/29/16,0.39
6/30/16,0.39
7/1/16,0.38
7/4/16,.
7/5/16,0.38
7/6/16,0.39
7/7/16,0.37
7/8/16,0.4
7/11/16,0.36
7/12/16,0.38
7/13/16,0.37
7/14/16,0.37
7/15/16,0.38
7/18/16,0.38
7/19/16,0.39
7/20/16,0.38
7/21/16,0.4
7/22/16,0.4
7/25/16,0.41
7/26/16,0.43
7/27/16,0.44
7/28/16,0.51
7/29/16,0.49
8/1/16,0.47
8/2/16,0.48
8/3/16,0.5
8/4/16,0.53
8/5/16,0.52
8/8/16,0.5
8/9/16,0.53
8/10/16,0.54
8/11/16,0.54
8/12/16,0.54
8/15/16,0.49
8/16/16,0.53
8/17/16,0.51
8/18/16,0.52
8/19/16,0.53
8/22/16,0.54
8/23/16,0.53
8/24/16,0.52
8/25/16,0.5
8/26/16,0.5
8/29/16,.
8/30/16,0.51
8/31/16,0.51
9/1/16,0.51
9/2/16,0.52
9/5/16,.
9/6/16,0.52
9/7/16,0.49
9/8/16,0.51
9/9/16,0.51
9/12/16,0.49
9/13/16,0.49
9/14/16,0.52
9/15/16,0.57
9/16/16,0.57
9/19/16,0.56
9/20/16,0.57
9/21/16,0.64
9/22/16,0.68
9/23/16,0.67
9/26/16,0.6
9/27/16,0.59
9/28/16,0.57
9/29/16,0.59
9/30/16,0.57
10/3/16,0.54
10/4/16,0.53
10/5/16,0.55
10/6/16,0.55
10/7/16,0.56
10/10/16,.
10/11/16,0.53
10/12/16,0.52
10/13/16,0.59
10/14/16,0.57
10/17/16,0.54
10/18/16,0.54
10/19/16,0.54
10/20/16,0.54
10/21/16,0.55
10/24/16,0.55
10/25/16,0.55
10/26/16,0.56
10/27/16,0.6
10/28/16,0.6
10/31/16,0.54
11/1/16,0.53
11/2/16,0.52
11/3/16,0.51
11/4/16,0.51
11/7/16,0.48
11/8/16,0.45
11/9/16,0.45
11/10/16,0.43
11/11/16,.
11/14/16,0.37
11/15/16,0.41
11/16/16,0.45
11/17/16,0.48
11/18/16,0.49
11/21/16,0.46
11/22/16,0.44
11/23/16,0.43
11/24/16,.
11/25/16,0.46
11/28/16,0.46
11/29/16,0.45
11/30/16,0.45
12/1/16,0.47
12/2/16,0.47
12/5/16,0.46
12/6/16,0.46
12/7/16,0.44
12/8/16,0.45
12/9/16,0.43
12/12/16,0.45
12/13/16,0.42
12/14/16,0.43
12/15/16,0.49
12/16/16,0.5
12/19/16,0.47
12/20/16,0.48
12/21/16,0.49
12/22/16,0.5
12/23/16,0.49
12/26/16,.
12/27/16,.
12/28/16,0.48
12/29/16,0.54
12/30/16,0.5
1/2/17,.
1/3/17,0.47
1/4/17,0.49
1/5/17,0.5
1/6/17,0.49
1/9/17,0.51
1/10/17,0.51
1/11/17,0.51
1/12/17,0.51
1/13/17,0.5
1/16/17,.
1/17/17,0.48
1/18/17,0.51
1/19/17,0.53
1/20/17,0.55
1/23/17,0.53
1/24/17,0.53
1/25/17,0.55
1/26/17,0.54
1/27/17,0.53
1/30/17,0.52
1/31/17,0.51
2/1/17,0.53
2/2/17,0.52
2/3/17,0.53
2/6/17,0.51
2/7/17,0.51
2/8/17,0.5
2/9/17,0.5
2/10/17,0.5
2/13/17,0.52
2/14/17,0.5
2/15/17,0.51
2/16/17,0.54
2/17/17,0.53
2/20/17,.
2/21/17,0.52
2/22/17,0.53
2/23/17,0.54
2/24/17,0.54
2/27/17,0.55
2/28/17,0.53
3/1/17,0.47
3/2/17,0.44
3/3/17,0.4
3/6/17,0.38
3/7/17,0.36
3/8/17,0.39
3/9/17,0.4
3/10/17,0.39
3/13/17,0.35
3/14/17,0.37
3/15/17,0.43
3/16/17,0.43
3/17/17,0.43
3/20/17,0.41
3/21/17,0.4
3/22/17,0.4
3/23/17,0.4
3/24/17,0.38
3/27/17,0.38
3/28/17,0.38
3/29/17,0.38
3/30/17,0.38
3/31/17,0.4
4/3/17,0.37
4/4/17,0.37
4/5/17,0.36
4/6/17,0.38
4/7/17,0.35
4/10/17,.
4/11/17,0.35
4/12/17,0.36
4/13/17,0.36
4/14/17,.
4/17/17,.
4/18/17,0.35
4/19/17,0.36
4/20/17,0.37
4/21/17,0.38
4/24/17,0.37
4/25/17,0.36
4/26/17,0.35
4/27/17,0.37
4/28/17,0.38
5/1/17,.
5/2/17,0.36
5/3/17,0.33
5/4/17,0.34
5/5/17,0.3
5/8/17,0.28
5/9/17,0.28
5/10/17,0.29
5/11/17,0.31
5/12/17,0.32
5/15/17,0.29
5/16/17,0.29
5/17/17,0.29
5/18/17,0.26
5/19/17,0.29
5/22/17,0.27
5/23/17,0.28
5/24/17,0.28
5/25/17,0.28
5/26/17,0.28
5/29/17,.
5/30/17,0.28
5/31/17,0.25
6/1/17,0.26
6/2/17,0.26
6/5/17,0.27
6/6/17,0.26
6/7/17,0.24
6/8/17,0.24
6/9/17,0.25
6/12/17,0.27
6/13/17,0.26
6/14/17,0.26
6/15/17,0.27
6/16/17,0.26
6/19/17,0.27
6/20/17,0.29
6/21/17,0.32
6/22/17,0.36
6/23/17,0.34
6/26/17,0.31
6/27/17,0.31
6/28/17,0.3
6/29/17,0.28
6/30/17,0.29
7/3/17,0.26
7/4/17,.
7/5/17,0.27
7/6/17,0.28
7/7/17,0.28
7/10/17,0.27
7/11/17,0.27
7/12/17,0.27
7/13/17,0.27
7/14/17,0.28
7/17/17,0.26
7/18/17,0.26
7/19/17,0.22
7/20/17,0.18
7/21/17,0.17
7/24/17,0.16
7/25/17,0.16
7/26/17,0.2
7/27/17,0.22
7/28/17,0.25
7/31/17,0.26
8/1/17,0.25
8/2/17,0.25
8/3/17,0.25
8/4/17,0.25